simID,repeatID,weather_path,current_julian,GDD,percent_flower_open,percent_fruits_ripeness,percent_fruit_set,percent_fruit_setII,percent_malformed_berries,avg_fruit_mass,avg_nb_seeds,avg_healthy_berries,kg_yields_ha
10,1,../includes/Weather-Strawberry-Greenhouse.csv,1,0.0,0.0,0.0,0.0,0.0,0.0,0.0,0.0,0.0,0.0
10,1,../includes/Weather-Strawberry-Greenhouse.csv,1,14.0,0.0,0.0,0.0,0.0,0.0,0.0,0.0,0.0,0.0
10,1,../includes/Weather-Strawberry-Greenhouse.csv,2,28.0,0.0,0.0,0.0,0.0,0.0,0.0,0.0,0.0,0.0
10,1,../includes/Weather-Strawberry-Greenhouse.csv,3,42.0,0.0,0.0,0.0,0.0,0.0,0.0,0.0,0.0,0.0
10,1,../includes/Weather-Strawberry-Greenhouse.csv,4,56.0,0.0,0.0,0.0,0.0,0.0,0.0,0.0,0.0,0.0
10,1,../includes/Weather-Strawberry-Greenhouse.csv,5,70.0,0.0,0.0,0.0,0.0,0.0,0.0,0.0,0.0,0.0
10,1,../includes/Weather-Strawberry-Greenhouse.csv,6,84.0,0.0,0.0,0.0,0.0,0.0,0.0,0.0,0.0,0.0
10,1,../includes/Weather-Strawberry-Greenhouse.csv,7,98.0,0.0,0.0,0.0,0.0,0.0,0.0,0.0,0.0,0.0
10,1,../includes/Weather-Strawberry-Greenhouse.csv,8,112.0,0.0,0.0,0.0,0.0,0.0,0.0,0.0,0.0,0.0
10,1,../includes/Weather-Strawberry-Greenhouse.csv,9,126.0,0.0,0.0,0.0,0.0,0.0,0.0,0.0,0.0,0.0
10,1,../includes/Weather-Strawberry-Greenhouse.csv,10,140.0,0.0,0.0,0.0,0.0,0.0,0.0,0.0,0.0,0.0
10,1,../includes/Weather-Strawberry-Greenhouse.csv,11,154.0,0.0,0.0,0.0,0.0,0.0,0.0,0.0,0.0,0.0
10,1,../includes/Weather-Strawberry-Greenhouse.csv,12,168.0,0.0,0.0,0.0,0.0,0.0,0.0,0.0,0.0,0.0
10,1,../includes/Weather-Strawberry-Greenhouse.csv,13,182.0,0.0,0.0,0.0,0.0,0.0,0.0,0.0,0.0,0.0
10,1,../includes/Weather-Strawberry-Greenhouse.csv,14,196.0,0.0,0.0,0.0,0.0,0.0,0.0,0.0,0.0,0.0
10,1,../includes/Weather-Strawberry-Greenhouse.csv,15,210.0,0.0,0.0,0.0,0.0,0.0,0.0,0.0,0.0,0.0
10,1,../includes/Weather-Strawberry-Greenhouse.csv,16,224.0,0.0,0.0,0.0,0.0,0.0,0.0,0.0,0.0,0.0
10,1,../includes/Weather-Strawberry-Greenhouse.csv,17,238.0,0.0,0.0,0.0,0.0,0.0,0.0,0.0,0.0,0.0
10,1,../includes/Weather-Strawberry-Greenhouse.csv,19,266.0,0.00277777777777778,0.0,0.0,0.0,0.0,0.0,0.0,0.0,0.0
10,1,../includes/Weather-Strawberry-Greenhouse.csv,20,280.0,0.00277777777777778,0.0,0.0,0.0,0.0,0.0,0.0,0.0,0.0
10,1,../includes/Weather-Strawberry-Greenhouse.csv,21,294.0,0.00277777777777778,0.0,0.0,0.0,0.0,0.0,0.0,0.0,0.0
10,1,../includes/Weather-Strawberry-Greenhouse.csv,22,308.0,0.00416666666666667,0.0,0.0,0.0,0.0,0.0,0.0,0.0,0.0
10,1,../includes/Weather-Strawberry-Greenhouse.csv,23,322.0,0.00555555555555556,0.0,0.0,0.0,0.0,0.0,0.0,0.0,0.0
10,1,../includes/Weather-Strawberry-Greenhouse.csv,24,336.0,0.00694444444444444,0.0,0.0,0.0,0.0,0.00713541666666667,0.0,0.0,0.000256875
10,1,../includes/Weather-Strawberry-Greenhouse.csv,25,350.0,0.01111111111111111,0.0,0.00138888888888889,0.00092592592592593,0.00416666666666667,0.02996527777777778,0.11493055555555555,0.01666666666666667,0.00107875
10,1,../includes/Weather-Strawberry-Greenhouse.csv,26,364.0,0.0125,0.0,0.00347222222222222,0.00231481481481482,0.00833333333333333,0.02996527777777778,0.3915509259259259,0.04166666666666666,0.00107875
10,1,../includes/Weather-Strawberry-Greenhouse.csv,27,378.0,0.01388888888888889,0.0,0.00347222222222222,0.00231481481481482,0.00833333333333333,0.02996527777777778,0.3915509259259259,0.04166666666666666,0.00107875
10,1,../includes/Weather-Strawberry-Greenhouse.csv,28,392.0,0.01388888888888889,0.0,0.00347222222222222,0.00231481481481482,0.00833333333333333,0.04586805555555555,0.3915509259259259,0.04166666666666666,0.00165125
10,1,../includes/Weather-Strawberry-Greenhouse.csv,29,406.0,0.01527777777777778,0.0,0.00555555555555555,0.0037037037037037,0.0125,0.0631076388888889,0.5758101851851852,0.06666666666666667,0.002271875
10,1,../includes/Weather-Strawberry-Greenhouse.csv,30,424.0,0.02083333333333333,0.0,0.00902777777777778,0.00601851851851852,0.02083333333333333,0.10284722222222224,0.7960879629629629,0.10833333333333334,0.0037025
10,1,../includes/Weather-Strawberry-Greenhouse.csv,31,442.0,0.02916666666666667,0.0,0.01319444444444445,0.0087962962962963,0.02777777777777778,0.20329861111111114,1.2703935185185184,0.15833333333333333,0.00731875
10,1,../includes/Weather-Strawberry-Greenhouse.csv,32,460.0,0.04583333333333333,0.0,0.01944444444444444,0.01296296296296296,0.03333333333333333,0.23741319444444448,2.5264120370370367,0.23333333333333334,0.008546875
10,1,../includes/Weather-Strawberry-Greenhouse.csv,33,478.0,0.05555555555555555,0.0,0.02152777777777777,0.01435185185185186,0.03541666666666667,0.28329861111111115,2.95349537037037,0.25833333333333336,0.01019875
10,1,../includes/Weather-Strawberry-Greenhouse.csv,34,496.0,0.05833333333333333,0.0,0.02569444444444444,0.01712962962962963,0.04374999999999999,0.3165625,3.50974537037037,0.30833333333333335,0.01139625
10,1,../includes/Weather-Strawberry-Greenhouse.csv,35,514.0,0.0625,0.0,0.02986111111111111,0.01990740740740741,0.05208333333333333,0.38991319444444444,3.897708333333333,0.35833333333333334,0.014036875
10,1,../includes/Weather-Strawberry-Greenhouse.csv,36,532.0,0.06666666666666667,0.0,0.03611111111111111,0.02407407407407407,0.06041666666666666,0.5617881944444445,4.79238425925926,0.43333333333333335,0.020224375
10,1,../includes/Weather-Strawberry-Greenhouse.csv,37,550.0,0.06805555555555555,0.0,0.05069444444444445,0.03379629629629629,0.08541666666666667,0.7003645833333334,6.88960648148148,0.6083333333333333,0.025213125
10,1,../includes/Weather-Strawberry-Greenhouse.csv,38,568.0,0.08055555555555556,0.0,0.06319444444444446,0.04212962962962963,0.10555555555555557,1.0072048611111115,8.570625,0.7583333333333333,0.03625937499999999
10,1,../includes/Weather-Strawberry-Greenhouse.csv,39,586.0,0.08472222222222223,0.0,0.0923611111111111,0.06157407407407411,0.15902777777777774,1.1435590277777778,12.272939814814816,1.1083333333333334,0.04116812499999999
10,1,../includes/Weather-Strawberry-Greenhouse.csv,40,604.0,0.09722222222222222,0.0,0.10902777777777777,0.07268518518518521,0.19236111111111107,1.2071701388888891,13.868773148148147,1.3083333333333333,0.04345812499999998
10,1,../includes/Weather-Strawberry-Greenhouse.csv,41,622.0,0.1,0.0,0.11944444444444444,0.07962962962962963,0.2131944444444444,1.3214756944444448,14.57803240740741,1.4333333333333333,0.04757312499999998
10,1,../includes/Weather-Strawberry-Greenhouse.csv,42,640.0,0.08888888888888889,0.0,0.13645833333333332,0.09097222222222219,0.25069444444444444,1.475503472222222,15.894699074074076,1.6375,0.053118125
10,1,../includes/Weather-Strawberry-Greenhouse.csv,43,658.0,0.08472222222222223,0.0,0.15729166666666666,0.10486111111111103,0.2923611111111112,1.6871180555555552,17.67062500000001,1.8875,0.06073625000000001
10,1,../includes/Weather-Strawberry-Greenhouse.csv,44,676.0,0.09027777777777778,0.0,0.18645833333333334,0.1243055555555554,0.35069444444444453,1.8451736111111106,20.103263888888897,2.2375,0.06642625
10,1,../includes/Weather-Strawberry-Greenhouse.csv,45,694.0,0.08611111111111111,0.0,0.2170138888888889,0.14467592592592585,0.4173611111111112,1.9017708333333323,21.86449074074075,2.6041666666666665,0.06846375
10,1,../includes/Weather-Strawberry-Greenhouse.csv,46,712.0,0.09861111111111111,0.0,0.2326388888888889,0.15509259259259256,0.4506944444444445,2.082083333333332,22.41981481481482,2.7916666666666665,0.07495500000000001
10,1,../includes/Weather-Strawberry-Greenhouse.csv,47,730.0,0.1125,0.0,0.26875,0.17916666666666678,0.5256944444444445,2.1968749999999986,24.376759259259263,3.225,0.0790875
10,1,../includes/Weather-Strawberry-Greenhouse.csv,48,748.0,0.10972222222222222,0.0,0.2899305555555556,0.19328703703703726,0.5715277777777776,2.2511631944444437,25.650648148148157,3.4791666666666665,0.08104187500000001
10,1,../includes/Weather-Strawberry-Greenhouse.csv,49,766.0,0.11388888888888889,0.00138888888888889,0.30208333333333337,0.20138888888888917,0.5965277777777777,2.4092881944444438,26.219398148148155,3.625,0.08673437500000002
10,1,../includes/Weather-Strawberry-Greenhouse.csv,50,784.0,0.10833333333333334,0.00138888888888889,0.329513888888889,0.21967592592592633,0.6541666666666666,2.493402777777777,28.008888888888897,3.9541666666666666,0.08976250000000002
10,1,../includes/Weather-Strawberry-Greenhouse.csv,51,802.0,0.1,0.00416666666666667,0.348263888888889,0.2335648148148153,0.6923611111111111,2.5921354166666664,28.933888888888898,4.179166666666666,0.09331687500000001
10,1,../includes/Weather-Strawberry-Greenhouse.csv,52,820.0,0.08888888888888889,0.00555555555555556,0.3718750000000001,0.2518518518518525,0.7381944444444443,2.6935243055555556,30.14541666666668,4.4625,0.09696687500000001
10,1,../includes/Weather-Strawberry-Greenhouse.csv,53,838.0,0.10138888888888889,0.00972222222222222,0.40138888888888896,0.27615740740740796,0.7881944444444443,2.7939583333333333,31.412546296296306,4.816666666666666,0.1005825
10,1,../includes/Weather-Strawberry-Greenhouse.csv,54,856.0,0.11527777777777778,0.01666666666666667,0.42708333333333337,0.29606481481481506,0.8354166666666666,2.8978645833333343,32.67675925925927,5.125,0.10432312500000003
10,1,../includes/Weather-Strawberry-Greenhouse.csv,55,874.0,0.13472222222222222,0.02083333333333333,0.44479166666666675,0.31273148148148144,0.8481481481481481,2.9724305555555564,34.29111111111113,5.3375,0.10700750000000002
10,1,../includes/Weather-Strawberry-Greenhouse.csv,56,892.0,0.1486111111111111,0.02361111111111111,0.4631944444444445,0.33171296296296277,0.860648148148148,3.070416666666668,35.456851851851866,5.558333333333334,0.11053500000000004
10,1,../includes/Weather-Strawberry-Greenhouse.csv,57,910.0,0.1763888888888889,0.02638888888888889,0.47951388888888896,0.34791666666666643,0.8821759259259259,3.17451388888889,36.9964351851852,5.754166666666666,0.11428249999999998
10,1,../includes/Weather-Strawberry-Greenhouse.csv,58,928.0,0.18055555555555555,0.04027777777777778,0.49722222222222234,0.36874999999999974,0.8995370370370369,3.2342013888888905,39.092500000000015,5.966666666666667,0.11643125
10,1,../includes/Weather-Strawberry-Greenhouse.csv,59,946.0,0.1763888888888889,0.05416666666666667,0.5097222222222223,0.3812499999999997,0.9078703703703702,3.3513888888888905,40.0350925925926,6.116666666666666,0.12064999999999994
10,1,../includes/Weather-Strawberry-Greenhouse.csv,60,967.0,0.1763888888888889,0.06805555555555555,0.5309027777777778,0.40949074074074043,0.9122685185185183,3.4781423611111126,42.62097222222223,6.370833333333334,0.12521312499999995
10,1,../includes/Weather-Strawberry-Greenhouse.csv,61,988.0,0.17777777777777778,0.0875,0.5538194444444444,0.4386574074074069,0.9260416666666665,3.557899305555557,45.25824074074074,6.645833333333333,0.12808437500000003
10,1,../includes/Weather-Strawberry-Greenhouse.csv,62,1009.0,0.19305555555555556,0.1111111111111111,0.573611111111111,0.46365740740740685,0.9400147306397305,3.6026909722222227,46.903611111111104,6.883333333333334,0.12969687500000004
10,1,../includes/Weather-Strawberry-Greenhouse.csv,63,1030.0,0.19722222222222222,0.12222222222222222,0.5899305555555554,0.48541666666666605,0.9495054713804711,3.6858506944444467,47.70337962962963,7.079166666666667,0.132690625
10,1,../includes/Weather-Strawberry-Greenhouse.csv,64,1051.0,0.2222222222222222,0.13472222222222222,0.613194444444444,0.5164351851851845,0.9504313973063971,3.7583159722222237,49.32675925925927,7.358333333333333,0.13529937500000003
10,1,../includes/Weather-Strawberry-Greenhouse.csv,65,1072.0,0.2125,0.15694444444444444,0.633333333333333,0.5432870370370366,0.9549452861952861,3.8323090277777796,50.797592592592615,7.6,0.13796312500000008
10,1,../includes/Weather-Strawberry-Greenhouse.csv,66,1093.0,0.20277777777777778,0.1763888888888889,0.6531249999999996,0.5696759259259259,0.9642045454545454,3.926631944444446,52.242962962962984,7.8375,0.14135875000000003
10,1,../includes/Weather-Strawberry-Greenhouse.csv,67,1114.0,0.15833333333333333,0.2,0.6756944444444442,0.5997685185185183,0.9642045454545454,4.011284722222224,54.26055555555556,8.108333333333333,0.14440625000000004
10,1,../includes/Weather-Strawberry-Greenhouse.csv,68,1135.0,0.13055555555555556,0.2125,0.6986111111111108,0.630324074074074,0.968834175084175,4.1432638888888915,56.029305555555574,8.383333333333333,0.14915750000000003
10,1,../includes/Weather-Strawberry-Greenhouse.csv,69,1156.0,0.08472222222222223,0.23333333333333334,0.7298611111111108,0.6719907407407406,0.968834175084175,4.219687500000001,58.715416666666705,8.758333333333333,0.1519087500000001
10,1,../includes/Weather-Strawberry-Greenhouse.csv,70,1177.0,0.06527777777777778,0.26805555555555555,0.7493055555555551,0.6979166666666662,0.9692971380471379,4.364809027777779,60.33740740740744,8.991666666666667,0.15713312500000007
10,1,../includes/Weather-Strawberry-Greenhouse.csv,71,1198.0,0.04722222222222222,0.30833333333333335,0.7815972222222222,0.7409722222222216,0.9716329966329965,4.433038194444447,63.42120370370372,9.379166666666666,0.1595893750000001
10,1,../includes/Weather-Strawberry-Greenhouse.csv,72,1219.0,0.04166666666666666,0.3263888888888889,0.7996527777777777,0.7650462962962953,0.9803135521885521,4.5136631944444465,64.78138888888891,9.595833333333333,0.16249187500000012
10,1,../includes/Weather-Strawberry-Greenhouse.csv,73,1240.0,0.03611111111111111,0.35833333333333334,0.8170138888888887,0.7881944444444434,0.9841329966329966,4.568003472222224,66.50291666666668,9.804166666666667,0.1644481250000001
10,1,../includes/Weather-Strawberry-Greenhouse.csv,74,1261.0,0.02916666666666667,0.3763888888888889,0.825347222222222,0.7993055555555546,0.9823653198653197,4.644947916666667,67.72976851851854,9.904166666666667,0.1672181250000001
10,1,../includes/Weather-Strawberry-Greenhouse.csv,75,1282.0,0.02222222222222222,0.40555555555555556,0.8336805555555553,0.8104166666666657,0.9821338383838383,4.725572916666667,69.55939814814812,10.004166666666666,0.1701206250000001
10,1,../includes/Weather-Strawberry-Greenhouse.csv,76,1303.0,0.01388888888888889,0.4388888888888889,0.840972222222222,0.820138888888888,0.9772790404040402,4.776944444444444,71.51495370370368,10.091666666666667,0.1719700000000001
10,1,../includes/Weather-Strawberry-Greenhouse.csv,77,1324.0,0.00833333333333333,0.4736111111111111,0.8461805555555554,0.8270833333333325,0.9762373737373735,4.853645833333334,72.74597222222218,10.154166666666667,0.17473125000000006
10,1,../includes/Weather-Strawberry-Greenhouse.csv,78,1345.0,0.00277777777777778,0.5152777777777777,0.8524305555555554,0.8354166666666658,0.9730808080808078,4.905156250000002,74.62467592592589,10.229166666666666,0.17658562500000008
10,1,../includes/Weather-Strawberry-Greenhouse.csv,79,1366.0,0.0,0.5513888888888889,0.856597222222222,0.8409722222222213,0.9707659932659929,4.956666666666669,75.8871759259259,10.279166666666667,0.17844000000000004
10,1,../includes/Weather-Strawberry-Greenhouse.csv,80,1387.0,0.0,0.5833333333333334,0.8607638888888887,0.8465277777777768,0.9685338504088502,4.9828645833333365,77.14967592592592,10.329166666666667,0.1793831250000001
10,1,../includes/Weather-Strawberry-Greenhouse.csv,81,1408.0,0.0,0.6152777777777778,0.862847222222222,0.8493055555555546,0.9670292207792206,4.9828645833333365,77.79273148148147,10.354166666666666,0.1793831250000001
10,1,../includes/Weather-Strawberry-Greenhouse.csv,82,1429.0,0.0,0.6569444444444444,0.862847222222222,0.8493055555555546,0.9670292207792206,4.9828645833333365,77.79273148148147,10.354166666666666,0.1793831250000001
10,1,../includes/Weather-Strawberry-Greenhouse.csv,83,1450.0,0.0,0.7013888888888888,0.862847222222222,0.8493055555555546,0.9670292207792206,4.9828645833333365,77.79273148148147,10.354166666666666,0.1793831250000001
10,1,../includes/Weather-Strawberry-Greenhouse.csv,84,1471.0,0.0,0.7263888888888889,0.862847222222222,0.8493055555555546,0.9670292207792206,4.9828645833333365,77.79273148148147,10.354166666666666,0.1793831250000001
10,1,../includes/Weather-Strawberry-Greenhouse.csv,85,1492.0,0.0,0.7694444444444445,0.862847222222222,0.8493055555555546,0.9670292207792206,4.9828645833333365,77.79273148148147,10.354166666666666,0.1793831250000001
10,1,../includes/Weather-Strawberry-Greenhouse.csv,86,1513.0,0.0,0.8069444444444445,0.862847222222222,0.8493055555555546,0.9670292207792206,4.9828645833333365,77.79273148148147,10.354166666666666,0.1793831250000001
10,1,../includes/Weather-Strawberry-Greenhouse.csv,87,1534.0,0.0,0.8388888888888889,0.862847222222222,0.8493055555555546,0.9670292207792206,4.9828645833333365,77.79273148148147,10.354166666666666,0.1793831250000001
10,1,../includes/Weather-Strawberry-Greenhouse.csv,88,1555.0,0.0,0.8694444444444445,0.862847222222222,0.8493055555555546,0.9670292207792206,4.9828645833333365,77.79273148148147,10.354166666666666,0.1793831250000001
10,1,../includes/Weather-Strawberry-Greenhouse.csv,89,1576.0,0.0,0.9041666666666667,0.862847222222222,0.8493055555555546,0.9670292207792206,4.9828645833333365,77.79273148148147,10.354166666666666,0.1793831250000001
10,1,../includes/Weather-Strawberry-Greenhouse.csv,90,1599.0,0.0,0.9277777777777778,0.862847222222222,0.8493055555555546,0.9670292207792206,4.9828645833333365,77.79273148148147,10.354166666666666,0.1793831250000001
10,1,../includes/Weather-Strawberry-Greenhouse.csv,91,1622.0,0.0,0.9458333333333333,0.862847222222222,0.8493055555555546,0.9670292207792206,4.9828645833333365,77.79273148148147,10.354166666666666,0.1793831250000001
10,1,../includes/Weather-Strawberry-Greenhouse.csv,92,1645.0,0.0,0.9555555555555556,0.862847222222222,0.8493055555555546,0.9670292207792206,4.9828645833333365,77.79273148148147,10.354166666666666,0.1793831250000001
10,1,../includes/Weather-Strawberry-Greenhouse.csv,93,1668.0,0.0,0.9708333333333333,0.862847222222222,0.8493055555555546,0.9670292207792206,4.9828645833333365,77.79273148148147,10.354166666666666,0.1793831250000001
10,1,../includes/Weather-Strawberry-Greenhouse.csv,94,1691.0,0.0,0.9833333333333333,0.862847222222222,0.8493055555555546,0.9670292207792206,4.9828645833333365,77.79273148148147,10.354166666666666,0.1793831250000001
10,1,../includes/Weather-Strawberry-Greenhouse.csv,95,1714.0,0.0,0.9902777777777778,0.862847222222222,0.8493055555555546,0.9670292207792206,4.9828645833333365,77.79273148148147,10.354166666666666,0.1793831250000001
10,1,../includes/Weather-Strawberry-Greenhouse.csv,96,1737.0,0.0,0.9958333333333333,0.862847222222222,0.8493055555555546,0.9670292207792206,4.9828645833333365,77.79273148148147,10.354166666666666,0.1793831250000001
10,1,../includes/Weather-Strawberry-Greenhouse.csv,97,1760.0,0.0,0.9986111111111111,0.862847222222222,0.8493055555555546,0.9670292207792206,4.9828645833333365,77.79273148148147,10.354166666666666,0.1793831250000001
10,1,../includes/Weather-Strawberry-Greenhouse.csv,98,1783.0,0.0,0.9986111111111111,0.862847222222222,0.8493055555555546,0.9670292207792206,4.9828645833333365,77.79273148148147,10.354166666666666,0.1793831250000001
10,1,../includes/Weather-Strawberry-Greenhouse.csv,99,1806.0,0.0,1.0,0.862847222222222,0.8493055555555546,0.9670292207792206,4.9828645833333365,77.79273148148147,10.354166666666666,0.1793831250000001
10,1,../includes/Weather-Strawberry-Greenhouse.csv,100,1829.0,0.0,1.0,0.862847222222222,0.8493055555555546,0.9670292207792206,4.9828645833333365,77.79273148148147,10.354166666666666,0.1793831250000001
10,1,../includes/Weather-Strawberry-Greenhouse.csv,101,1852.0,0.0,1.0,0.862847222222222,0.8493055555555546,0.9670292207792206,4.9828645833333365,77.79273148148147,10.354166666666666,0.1793831250000001
10,1,../includes/Weather-Strawberry-Greenhouse.csv,102,1875.0,0.0,1.0,0.862847222222222,0.8493055555555546,0.9670292207792206,4.9828645833333365,77.79273148148147,10.354166666666666,0.1793831250000001
10,1,../includes/Weather-Strawberry-Greenhouse.csv,103,1898.0,0.0,1.0,0.862847222222222,0.8493055555555546,0.9670292207792206,4.9828645833333365,77.79273148148147,10.354166666666666,0.1793831250000001
10,1,../includes/Weather-Strawberry-Greenhouse.csv,104,1921.0,0.0,1.0,0.862847222222222,0.8493055555555546,0.9670292207792206,4.9828645833333365,77.79273148148147,10.354166666666666,0.1793831250000001
10,1,../includes/Weather-Strawberry-Greenhouse.csv,105,1944.0,0.0,1.0,0.862847222222222,0.8493055555555546,0.9670292207792206,4.9828645833333365,77.79273148148147,10.354166666666666,0.1793831250000001
10,1,../includes/Weather-Strawberry-Greenhouse.csv,106,1967.0,0.0,1.0,0.862847222222222,0.8493055555555546,0.9670292207792206,4.9828645833333365,77.79273148148147,10.354166666666666,0.1793831250000001
10,1,../includes/Weather-Strawberry-Greenhouse.csv,107,1990.0,0.0,1.0,0.862847222222222,0.8493055555555546,0.9670292207792206,4.9828645833333365,77.79273148148147,10.354166666666666,0.1793831250000001
10,1,../includes/Weather-Strawberry-Greenhouse.csv,108,2013.0,0.0,1.0,0.862847222222222,0.8493055555555546,0.9670292207792206,4.9828645833333365,77.79273148148147,10.354166666666666,0.1793831250000001
10,1,../includes/Weather-Strawberry-Greenhouse.csv,109,2036.0,0.0,1.0,0.862847222222222,0.8493055555555546,0.9670292207792206,4.9828645833333365,77.79273148148147,10.354166666666666,0.1793831250000001
10,1,../includes/Weather-Strawberry-Greenhouse.csv,1,0.0,0.0,0.0,0.0,0.0,0.0,0.0,0.0,0.0,0.0
10,1,../includes/Weather-Strawberry-Greenhouse.csv,1,14.0,0.0,0.0,0.0,0.0,0.0,0.0,0.0,0.0,0.0
10,1,../includes/Weather-Strawberry-Greenhouse.csv,2,28.0,0.0,0.0,0.0,0.0,0.0,0.0,0.0,0.0,0.0
10,1,../includes/Weather-Strawberry-Greenhouse.csv,3,42.0,0.0,0.0,0.0,0.0,0.0,0.0,0.0,0.0,0.0
10,1,../includes/Weather-Strawberry-Greenhouse.csv,4,56.0,0.0,0.0,0.0,0.0,0.0,0.0,0.0,0.0,0.0
10,1,../includes/Weather-Strawberry-Greenhouse.csv,5,70.0,0.0,0.0,0.0,0.0,0.0,0.0,0.0,0.0,0.0
10,1,../includes/Weather-Strawberry-Greenhouse.csv,6,84.0,0.0,0.0,0.0,0.0,0.0,0.0,0.0,0.0,0.0
10,1,../includes/Weather-Strawberry-Greenhouse.csv,7,98.0,0.0,0.0,0.0,0.0,0.0,0.0,0.0,0.0,0.0
10,1,../includes/Weather-Strawberry-Greenhouse.csv,8,112.0,0.0,0.0,0.0,0.0,0.0,0.0,0.0,0.0,0.0
10,1,../includes/Weather-Strawberry-Greenhouse.csv,9,126.0,0.0,0.0,0.0,0.0,0.0,0.0,0.0,0.0,0.0
10,1,../includes/Weather-Strawberry-Greenhouse.csv,10,140.0,0.0,0.0,0.0,0.0,0.0,0.0,0.0,0.0,0.0
10,1,../includes/Weather-Strawberry-Greenhouse.csv,11,154.0,0.0,0.0,0.0,0.0,0.0,0.0,0.0,0.0,0.0
10,1,../includes/Weather-Strawberry-Greenhouse.csv,13,182.0,0.00138888888888889,0.0,0.0,0.0,0.0,0.0,0.0,0.0,0.0
10,1,../includes/Weather-Strawberry-Greenhouse.csv,14,196.0,0.00138888888888889,0.0,0.0,0.0,0.0,0.0,0.0,0.0,0.0
10,1,../includes/Weather-Strawberry-Greenhouse.csv,15,210.0,0.00138888888888889,0.0,0.0,0.0,0.0,0.0,0.0,0.0,0.0
10,1,../includes/Weather-Strawberry-Greenhouse.csv,16,224.0,0.00138888888888889,0.0,0.0,0.0,0.0,0.0,0.0,0.0,0.0
10,1,../includes/Weather-Strawberry-Greenhouse.csv,17,238.0,0.0,0.0,0.0,0.0,0.0,0.0,0.0,0.0,0.0
10,1,../includes/Weather-Strawberry-Greenhouse.csv,18,252.0,0.0,0.0,0.0,0.0,0.0,0.0,0.0,0.0,0.0
10,1,../includes/Weather-Strawberry-Greenhouse.csv,19,266.0,0.0,0.0,0.0,0.0,0.0,0.0,0.0,0.0,0.0
10,1,../includes/Weather-Strawberry-Greenhouse.csv,20,280.0,0.0,0.0,0.0,0.0,0.0,0.0,0.0,0.0,0.0
10,1,../includes/Weather-Strawberry-Greenhouse.csv,21,294.0,0.00138888888888889,0.0,0.0,0.0,0.0,0.0,0.0,0.0,0.0
10,1,../includes/Weather-Strawberry-Greenhouse.csv,22,308.0,0.00277777777777778,0.0,0.0,0.0,0.0,0.0,0.0,0.0,0.0
10,1,../includes/Weather-Strawberry-Greenhouse.csv,23,322.0,0.00416666666666667,0.0,0.0,0.0,0.0,0.0,0.0,0.0,0.0
10,1,../includes/Weather-Strawberry-Greenhouse.csv,24,336.0,0.00694444444444444,0.0,0.0,0.0,0.0,0.0,0.0,0.0,0.0
10,1,../includes/Weather-Strawberry-Greenhouse.csv,25,350.0,0.00972222222222222,0.0,0.0,0.0,0.0,0.0,0.0,0.0,0.0
10,1,../includes/Weather-Strawberry-Greenhouse.csv,26,364.0,0.0125,0.0,0.0,0.0,0.0,0.0,0.0,0.0,0.0
10,1,../includes/Weather-Strawberry-Greenhouse.csv,27,378.0,0.0125,0.0,0.0,0.0,0.0,0.00041666666666667,0.0,0.0,0.000015
10,1,../includes/Weather-Strawberry-Greenhouse.csv,28,392.0,0.01388888888888889,0.0,0.00034722222222222,0.00023148148148148,0.00416666666666667,0.01723958333333333,0.00555555555555555,0.00416666666666667,0.000620625
10,1,../includes/Weather-Strawberry-Greenhouse.csv,29,406.0,0.01111111111111111,0.0,0.00243055555555556,0.00162037037037037,0.00833333333333333,0.02232638888888889,0.20208333333333334,0.02916666666666667,0.00080375
10,1,../includes/Weather-Strawberry-Greenhouse.csv,30,424.0,0.01666666666666667,0.0,0.00451388888888889,0.00300925925925926,0.0125,0.03513888888888889,0.2421296296296296,0.05416666666666667,0.001265
10,1,../includes/Weather-Strawberry-Greenhouse.csv,31,442.0,0.01805555555555555,0.0,0.00729166666666667,0.00486111111111111,0.02083333333333333,0.06463541666666668,0.4083333333333333,0.0875,0.002326875
10,1,../includes/Weather-Strawberry-Greenhouse.csv,32,460.0,0.03194444444444444,0.0,0.01145833333333333,0.00763888888888889,0.02916666666666667,0.09425347222222223,0.7460648148148149,0.1375,0.003393125
10,1,../includes/Weather-Strawberry-Greenhouse.csv,33,478.0,0.03611111111111111,0.0,0.01701388888888889,0.01134259259259259,0.04166666666666666,0.11520833333333336,1.0780092592592594,0.20416666666666666,0.0041475
10,1,../includes/Weather-Strawberry-Greenhouse.csv,34,496.0,0.04861111111111111,0.0,0.01909722222222222,0.01273148148148148,0.04583333333333333,0.17340277777777782,1.3296296296296295,0.22916666666666666,0.0062425
10,1,../includes/Weather-Strawberry-Greenhouse.csv,35,514.0,0.05277777777777778,0.0,0.02326388888888889,0.01550925925925926,0.05208333333333334,0.17340277777777782,2.05,0.2791666666666667,0.0062425
10,1,../includes/Weather-Strawberry-Greenhouse.csv,36,532.0,0.06805555555555555,0.0,0.02326388888888889,0.01550925925925926,0.05208333333333334,0.3281076388888888,2.05,0.2791666666666667,0.011811875
10,1,../includes/Weather-Strawberry-Greenhouse.csv,37,550.0,0.07083333333333333,0.0,0.03576388888888889,0.02384259259259259,0.07152777777777777,0.42859375,3.946064814814815,0.42916666666666664,0.015429375
10,1,../includes/Weather-Strawberry-Greenhouse.csv,38,568.0,0.08194444444444444,0.0,0.04409722222222223,0.02939814814814814,0.08402777777777777,0.7254513888888889,5.174768518518519,0.5291666666666667,0.02611624999999999
10,1,../includes/Weather-Strawberry-Greenhouse.csv,39,586.0,0.09861111111111111,0.0,0.0670138888888889,0.04467592592592592,0.12013888888888888,0.8491145833333336,8.827314814814814,0.8041666666666667,0.030568125
10,1,../includes/Weather-Strawberry-Greenhouse.csv,40,604.0,0.10972222222222222,0.0,0.07743055555555554,0.05162037037037038,0.1375,1.0435069444444447,10.337268518518519,0.9291666666666667,0.03756625
10,1,../includes/Weather-Strawberry-Greenhouse.csv,41,622.0,0.10972222222222222,0.0,0.09618055555555555,0.0641203703703704,0.17083333333333334,1.2420833333333334,12.679166666666669,1.1541666666666666,0.044715
10,1,../includes/Weather-Strawberry-Greenhouse.csv,42,640.0,0.10833333333333334,0.0,0.11493055555555555,0.07662037037037038,0.20694444444444443,1.5538888888888887,15.07685185185185,1.3791666666666667,0.05593999999999998
10,1,../includes/Weather-Strawberry-Greenhouse.csv,43,658.0,0.1125,0.0,0.14618055555555556,0.09745370370370364,0.26319444444444445,1.844878472222222,18.81759259259259,1.7541666666666667,0.06641562499999998
10,1,../includes/Weather-Strawberry-Greenhouse.csv,44,676.0,0.10555555555555556,0.0,0.1732638888888889,0.11550925925925913,0.3111111111111111,2.0371874999999995,22.33634259259259,2.0791666666666666,0.07333874999999998
10,1,../includes/Weather-Strawberry-Greenhouse.csv,45,694.0,0.10138888888888889,0.0,0.20034722222222223,0.13356481481481464,0.36458333333333337,2.2147222222222225,24.539351851851844,2.404166666666667,0.07973
10,1,../includes/Weather-Strawberry-Greenhouse.csv,46,712.0,0.09166666666666666,0.0,0.24097222222222223,0.16064814814814812,0.4479166666666667,2.3898437499999994,26.376851851851843,2.8916666666666666,0.086034375
10,1,../includes/Weather-Strawberry-Greenhouse.csv,47,730.0,0.0875,0.0,0.27361111111111114,0.18240740740740752,0.5173611111111112,2.526631944444444,28.31611111111111,3.283333333333333,0.09095874999999999
10,1,../includes/Weather-Strawberry-Greenhouse.csv,48,748.0,0.08333333333333333,0.00277777777777778,0.30104166666666665,0.20138888888888917,0.5756944444444445,2.6097222222222216,29.868935185185183,3.6125,0.09394999999999999
10,1,../includes/Weather-Strawberry-Greenhouse.csv,49,766.0,0.0763888888888889,0.00416666666666667,0.32256944444444446,0.21643518518518556,0.6215277777777779,2.765138888888889,30.7437962962963,3.870833333333333,0.09954500000000001
10,1,../includes/Weather-Strawberry-Greenhouse.csv,50,784.0,0.07916666666666666,0.00555555555555556,0.3513888888888889,0.23703703703703752,0.679861111111111,2.9696527777777777,32.56875000000001,4.216666666666667,0.10690749999999996
10,1,../includes/Weather-Strawberry-Greenhouse.csv,51,802.0,0.09305555555555556,0.00555555555555556,0.38125,0.25833333333333397,0.7381944444444445,3.1496875000000006,35.13171296296297,4.575,0.11338874999999995
10,1,../includes/Weather-Strawberry-Greenhouse.csv,52,820.0,0.09722222222222222,0.00833333333333333,0.40729166666666666,0.27777777777777835,0.7923611111111112,3.2348958333333337,37.34120370370372,4.8875,0.11645624999999996
10,1,../includes/Weather-Strawberry-Greenhouse.csv,53,838.0,0.10694444444444444,0.01388888888888889,0.41875,0.2888888888888893,0.7997685185185186,3.317534722222222,38.80254629629632,5.025,0.11943124999999995
10,1,../includes/Weather-Strawberry-Greenhouse.csv,54,856.0,0.12361111111111112,0.01527777777777778,0.43125,0.3000000000000002,0.8212962962962963,3.4549826388888887,40.05949074074076,5.175,0.12437937499999999
10,1,../includes/Weather-Strawberry-Greenhouse.csv,55,874.0,0.13333333333333333,0.01805555555555555,0.4510416666666667,0.3180555555555555,0.8395833333333335,3.6139583333333336,42.38287037037039,5.4125,0.13010249999999995
10,1,../includes/Weather-Strawberry-Greenhouse.csv,56,892.0,0.15416666666666667,0.02361111111111111,0.46770833333333334,0.3333333333333332,0.863888888888889,3.793906249999999,44.97337962962967,5.6125,0.13658062499999996
10,1,../includes/Weather-Strawberry-Greenhouse.csv,57,910.0,0.17777777777777778,0.025,0.48923611111111115,0.3541666666666664,0.8828703703703703,3.9707291666666658,48.108217592592624,5.870833333333334,0.1429462499999999
10,1,../includes/Weather-Strawberry-Greenhouse.csv,58,928.0,0.2,0.02916666666666667,0.5111111111111112,0.37777777777777743,0.8925231481481481,4.0859548611111105,51.362152777777816,6.133333333333334,0.14709437499999994
10,1,../includes/Weather-Strawberry-Greenhouse.csv,59,946.0,0.20972222222222223,0.0375,0.5277777777777778,0.39444444444444376,0.911273148148148,4.2554687499999995,53.15405092592596,6.333333333333333,0.15319687499999993
10,1,../includes/Weather-Strawberry-Greenhouse.csv,60,967.0,0.23333333333333334,0.04444444444444445,0.5489583333333332,0.4212962962962957,0.9106944444444444,4.39751736111111,57.00405092592593,6.5875,0.15831062499999993
10,1,../includes/Weather-Strawberry-Greenhouse.csv,61,988.0,0.24444444444444444,0.0625,0.5718749999999999,0.44907407407407324,0.9178703703703702,4.499635416666667,60.15520833333335,6.8625,0.16198687499999992
10,1,../includes/Weather-Strawberry-Greenhouse.csv,62,1009.0,0.24444444444444444,0.08333333333333333,0.5930555555555556,0.4773148148148145,0.9212268518518517,4.6178993055555555,62.33530092592594,7.116666666666666,0.16624437499999986
10,1,../includes/Weather-Strawberry-Greenhouse.csv,63,1030.0,0.2263888888888889,0.10972222222222222,0.6222222222222222,0.5148148148148145,0.9275925925925925,4.714149305555556,64.70729166666666,7.466666666666667,0.16970937499999986
10,1,../includes/Weather-Strawberry-Greenhouse.csv,64,1051.0,0.20694444444444443,0.12916666666666668,0.6472222222222221,0.548148148148148,0.9353472222222223,4.867586805555556,66.62766203703703,7.766666666666667,0.1752331249999999
10,1,../includes/Weather-Strawberry-Greenhouse.csv,65,1072.0,0.17083333333333334,0.15694444444444444,0.6802083333333332,0.589351851851852,0.9406712962962962,4.987586805555557,69.73622685185184,8.1625,0.1795531249999999
10,1,../includes/Weather-Strawberry-Greenhouse.csv,66,1093.0,0.1486111111111111,0.175,0.7086805555555554,0.6273148148148148,0.9424074074074071,5.135000000000002,72.23946759259258,8.504166666666666,0.18485999999999997
10,1,../includes/Weather-Strawberry-Greenhouse.csv,67,1114.0,0.12361111111111112,0.20416666666666666,0.7427083333333332,0.6726851851851848,0.9449487433862434,5.3232118055555535,75.33414351851847,8.9125,0.19163562499999998
10,1,../includes/Weather-Strawberry-Greenhouse.csv,68,1135.0,0.10277777777777777,0.23472222222222222,0.7805555555555556,0.7231481481481478,0.9474371693121693,5.460173611111108,79.4417824074074,9.366666666666667,0.19656624999999994
10,1,../includes/Weather-Strawberry-Greenhouse.csv,69,1156.0,0.08888888888888889,0.2569444444444444,0.8086805555555555,0.7606481481481473,0.9469426406926407,5.568906249999996,82.39826388888886,9.704166666666667,0.20048062499999997
10,1,../includes/Weather-Strawberry-Greenhouse.csv,70,1177.0,0.07777777777777778,0.28888888888888886,0.8302083333333333,0.7893518518518509,0.9477528258778258,5.6638541666666615,84.7503472222222,9.9625,0.20389875000000002
10,1,../includes/Weather-Strawberry-Greenhouse.csv,71,1198.0,0.04861111111111111,0.3055555555555556,0.8465277777777777,0.81111111111111,0.9515091390091391,5.766076388888883,86.86354166666663,10.158333333333333,0.20757875000000003
10,1,../includes/Weather-Strawberry-Greenhouse.csv,72,1219.0,0.03611111111111111,0.3277777777777778,0.8611111111111109,0.8305555555555544,0.9497730278980281,5.876423611111108,89.20057870370367,10.333333333333334,0.2115512499999999
10,1,../includes/Weather-Strawberry-Greenhouse.csv,73,1240.0,0.02638888888888889,0.3458333333333333,0.8836805555555554,0.8606481481481472,0.9503517316017318,5.921996527777775,91.57604166666664,10.604166666666666,0.21319187500000006
10,1,../includes/Weather-Strawberry-Greenhouse.csv,74,1261.0,0.01944444444444444,0.36666666666666664,0.8940972222222219,0.8745370370370362,0.9503170093795098,5.971562499999998,92.56331018518517,10.729166666666666,0.21497625000000004
10,1,../includes/Weather-Strawberry-Greenhouse.csv,75,1282.0,0.01388888888888889,0.3958333333333333,0.9024305555555554,0.8856481481481474,0.9500855278980284,6.038177083333332,93.6628472222222,10.829166666666667,0.21737437499999995
10,1,../includes/Weather-Strawberry-Greenhouse.csv,76,1303.0,0.00833333333333333,0.42777777777777776,0.9086805555555554,0.8939814814814807,0.9489281204906208,6.0931944444444435,95.27256944444441,10.904166666666667,0.21935499999999997
10,1,../includes/Weather-Strawberry-Greenhouse.csv,77,1324.0,0.00555555555555556,0.4625,0.9149305555555554,0.9023148148148141,0.9482336760461764,6.134670138888888,96.5730324074074,10.979166666666666,0.22084812499999998
10,1,../includes/Weather-Strawberry-Greenhouse.csv,78,1345.0,0.00416666666666667,0.5,0.919097222222222,0.9078703703703699,0.9481179353054358,6.1556944444444435,97.5679398148148,11.029166666666667,0.22160500000000002
10,1,../includes/Weather-Strawberry-Greenhouse.csv,79,1366.0,0.00277777777777778,0.5263888888888889,0.9211805555555553,0.9106481481481477,0.9477707130832136,6.1624479166666655,98.07303240740741,11.054166666666667,0.22184812499999998
10,1,../includes/Weather-Strawberry-Greenhouse.csv,80,1387.0,0.0,0.5777777777777777,0.922222222222222,0.9120370370370364,0.9477707130832136,6.171232638888887,98.22534722222221,11.066666666666666,0.22216437499999997
10,1,../includes/Weather-Strawberry-Greenhouse.csv,81,1408.0,0.0,0.6208333333333333,0.9232638888888887,0.9134259259259253,0.9477707130832136,6.182638888888888,98.4318287037037,11.079166666666667,0.222575
10,1,../includes/Weather-Strawberry-Greenhouse.csv,82,1429.0,0.0,0.6708333333333333,0.925347222222222,0.9162037037037032,0.947949284511785,6.182638888888888,98.68043981481479,11.104166666666666,0.222575
10,1,../includes/Weather-Strawberry-Greenhouse.csv,83,1450.0,0.0,0.7166666666666667,0.925347222222222,0.9162037037037032,0.947949284511785,6.182638888888888,98.68043981481479,11.104166666666666,0.222575
10,1,../includes/Weather-Strawberry-Greenhouse.csv,84,1471.0,0.0,0.7625,0.925347222222222,0.9162037037037032,0.947949284511785,6.182638888888888,98.68043981481479,11.104166666666666,0.222575
10,1,../includes/Weather-Strawberry-Greenhouse.csv,85,1492.0,0.0,0.7972222222222223,0.925347222222222,0.9162037037037032,0.947949284511785,6.182638888888888,98.68043981481479,11.104166666666666,0.222575
10,1,../includes/Weather-Strawberry-Greenhouse.csv,86,1513.0,0.0,0.8402777777777778,0.925347222222222,0.9162037037037032,0.947949284511785,6.182638888888888,98.68043981481479,11.104166666666666,0.222575
10,1,../includes/Weather-Strawberry-Greenhouse.csv,87,1534.0,0.0,0.8694444444444445,0.925347222222222,0.9162037037037032,0.947949284511785,6.182638888888888,98.68043981481479,11.104166666666666,0.222575
10,1,../includes/Weather-Strawberry-Greenhouse.csv,88,1555.0,0.0,0.8958333333333334,0.925347222222222,0.9162037037037032,0.947949284511785,6.182638888888888,98.68043981481479,11.104166666666666,0.222575
10,1,../includes/Weather-Strawberry-Greenhouse.csv,89,1576.0,0.0,0.9222222222222223,0.925347222222222,0.9162037037037032,0.947949284511785,6.182638888888888,98.68043981481479,11.104166666666666,0.222575
10,1,../includes/Weather-Strawberry-Greenhouse.csv,90,1599.0,0.0,0.9416666666666667,0.925347222222222,0.9162037037037032,0.947949284511785,6.182638888888888,98.68043981481479,11.104166666666666,0.222575
10,1,../includes/Weather-Strawberry-Greenhouse.csv,91,1622.0,0.0,0.9583333333333334,0.925347222222222,0.9162037037037032,0.947949284511785,6.182638888888888,98.68043981481479,11.104166666666666,0.222575
10,1,../includes/Weather-Strawberry-Greenhouse.csv,92,1645.0,0.0,0.9708333333333333,0.925347222222222,0.9162037037037032,0.947949284511785,6.182638888888888,98.68043981481479,11.104166666666666,0.222575
10,1,../includes/Weather-Strawberry-Greenhouse.csv,93,1668.0,0.0,0.9791666666666666,0.925347222222222,0.9162037037037032,0.947949284511785,6.182638888888888,98.68043981481479,11.104166666666666,0.222575
10,1,../includes/Weather-Strawberry-Greenhouse.csv,94,1691.0,0.0,0.9833333333333333,0.925347222222222,0.9162037037037032,0.947949284511785,6.182638888888888,98.68043981481479,11.104166666666666,0.222575
10,1,../includes/Weather-Strawberry-Greenhouse.csv,95,1714.0,0.0,0.9930555555555556,0.925347222222222,0.9162037037037032,0.947949284511785,6.182638888888888,98.68043981481479,11.104166666666666,0.222575
10,1,../includes/Weather-Strawberry-Greenhouse.csv,96,1737.0,0.0,0.9972222222222222,0.925347222222222,0.9162037037037032,0.947949284511785,6.182638888888888,98.68043981481479,11.104166666666666,0.222575
10,1,../includes/Weather-Strawberry-Greenhouse.csv,97,1760.0,0.0,0.9972222222222222,0.925347222222222,0.9162037037037032,0.947949284511785,6.182638888888888,98.68043981481479,11.104166666666666,0.222575
10,1,../includes/Weather-Strawberry-Greenhouse.csv,98,1783.0,0.0,0.9972222222222222,0.925347222222222,0.9162037037037032,0.947949284511785,6.182638888888888,98.68043981481479,11.104166666666666,0.222575
10,1,../includes/Weather-Strawberry-Greenhouse.csv,99,1806.0,0.0,0.9986111111111111,0.925347222222222,0.9162037037037032,0.947949284511785,6.182638888888888,98.68043981481479,11.104166666666666,0.222575
10,1,../includes/Weather-Strawberry-Greenhouse.csv,100,1829.0,0.0,1.0,0.925347222222222,0.9162037037037032,0.947949284511785,6.182638888888888,98.68043981481479,11.104166666666666,0.222575
10,1,../includes/Weather-Strawberry-Greenhouse.csv,101,1852.0,0.0,1.0,0.925347222222222,0.9162037037037032,0.947949284511785,6.182638888888888,98.68043981481479,11.104166666666666,0.222575
10,1,../includes/Weather-Strawberry-Greenhouse.csv,102,1875.0,0.0,1.0,0.925347222222222,0.9162037037037032,0.947949284511785,6.182638888888888,98.68043981481479,11.104166666666666,0.222575
10,1,../includes/Weather-Strawberry-Greenhouse.csv,103,1898.0,0.0,1.0,0.925347222222222,0.9162037037037032,0.947949284511785,6.182638888888888,98.68043981481479,11.104166666666666,0.222575
10,1,../includes/Weather-Strawberry-Greenhouse.csv,104,1921.0,0.0,1.0,0.925347222222222,0.9162037037037032,0.947949284511785,6.182638888888888,98.68043981481479,11.104166666666666,0.222575
10,1,../includes/Weather-Strawberry-Greenhouse.csv,105,1944.0,0.0,1.0,0.925347222222222,0.9162037037037032,0.947949284511785,6.182638888888888,98.68043981481479,11.104166666666666,0.222575
10,1,../includes/Weather-Strawberry-Greenhouse.csv,106,1967.0,0.0,1.0,0.925347222222222,0.9162037037037032,0.947949284511785,6.182638888888888,98.68043981481479,11.104166666666666,0.222575
10,1,../includes/Weather-Strawberry-Greenhouse.csv,107,1990.0,0.0,1.0,0.925347222222222,0.9162037037037032,0.947949284511785,6.182638888888888,98.68043981481479,11.104166666666666,0.222575
10,1,../includes/Weather-Strawberry-Greenhouse.csv,108,2013.0,0.0,1.0,0.925347222222222,0.9162037037037032,0.947949284511785,6.182638888888888,98.68043981481479,11.104166666666666,0.222575
10,1,../includes/Weather-Strawberry-Greenhouse.csv,109,2036.0,0.0,1.0,0.925347222222222,0.9162037037037032,0.947949284511785,6.182638888888888,98.68043981481479,11.104166666666666,0.222575
10,1,../includes/Weather-Strawberry-Greenhouse.csv,1,0.0,0.0,0.0,0.0,0.0,0.0,0.0,0.0,0.0,0.0
10,1,../includes/Weather-Strawberry-Greenhouse.csv,1,14.0,0.0,0.0,0.0,0.0,0.0,0.0,0.0,0.0,0.0
10,1,../includes/Weather-Strawberry-Greenhouse.csv,2,28.0,0.0,0.0,0.0,0.0,0.0,0.0,0.0,0.0,0.0
10,1,../includes/Weather-Strawberry-Greenhouse.csv,3,42.0,0.0,0.0,0.0,0.0,0.0,0.0,0.0,0.0,0.0
10,1,../includes/Weather-Strawberry-Greenhouse.csv,4,56.0,0.0,0.0,0.0,0.0,0.0,0.0,0.0,0.0,0.0
10,1,../includes/Weather-Strawberry-Greenhouse.csv,5,70.0,0.0,0.0,0.0,0.0,0.0,0.0,0.0,0.0,0.0
10,1,../includes/Weather-Strawberry-Greenhouse.csv,6,84.0,0.0,0.0,0.0,0.0,0.0,0.0,0.0,0.0,0.0
10,1,../includes/Weather-Strawberry-Greenhouse.csv,7,98.0,0.0,0.0,0.0,0.0,0.0,0.0,0.0,0.0,0.0
10,1,../includes/Weather-Strawberry-Greenhouse.csv,8,112.0,0.0,0.0,0.0,0.0,0.0,0.0,0.0,0.0,0.0
10,1,../includes/Weather-Strawberry-Greenhouse.csv,9,126.0,0.0,0.0,0.0,0.0,0.0,0.0,0.0,0.0,0.0
10,1,../includes/Weather-Strawberry-Greenhouse.csv,10,140.0,0.0,0.0,0.0,0.0,0.0,0.0,0.0,0.0,0.0
10,1,../includes/Weather-Strawberry-Greenhouse.csv,11,154.0,0.0,0.0,0.0,0.0,0.0,0.0,0.0,0.0,0.0
10,1,../includes/Weather-Strawberry-Greenhouse.csv,12,168.0,0.0,0.0,0.0,0.0,0.0,0.0,0.0,0.0,0.0
10,1,../includes/Weather-Strawberry-Greenhouse.csv,13,182.0,0.0,0.0,0.0,0.0,0.0,0.0,0.0,0.0,0.0
10,1,../includes/Weather-Strawberry-Greenhouse.csv,14,196.0,0.0,0.0,0.0,0.0,0.0,0.0,0.0,0.0,0.0
10,1,../includes/Weather-Strawberry-Greenhouse.csv,15,210.0,0.0,0.0,0.0,0.0,0.0,0.0,0.0,0.0,0.0
10,1,../includes/Weather-Strawberry-Greenhouse.csv,16,224.0,0.0,0.0,0.0,0.0,0.0,0.0,0.0,0.0,0.0
10,1,../includes/Weather-Strawberry-Greenhouse.csv,17,238.0,0.0,0.0,0.0,0.0,0.0,0.0,0.0,0.0,0.0
10,1,../includes/Weather-Strawberry-Greenhouse.csv,18,252.0,0.0,0.0,0.0,0.0,0.0,0.0,0.0,0.0,0.0
10,1,../includes/Weather-Strawberry-Greenhouse.csv,19,266.0,0.0,0.0,0.0,0.0,0.0,0.0,0.0,0.0,0.0
10,1,../includes/Weather-Strawberry-Greenhouse.csv,21,294.0,0.00138888888888889,0.0,0.0,0.0,0.0,0.0,0.0,0.0,0.0
10,1,../includes/Weather-Strawberry-Greenhouse.csv,22,308.0,0.00277777777777778,0.0,0.0,0.0,0.0,0.0,0.0,0.0,0.0
10,1,../includes/Weather-Strawberry-Greenhouse.csv,23,322.0,0.00277777777777778,0.0,0.0,0.0,0.0,0.0,0.0,0.0,0.0
10,1,../includes/Weather-Strawberry-Greenhouse.csv,24,336.0,0.00555555555555556,0.0,0.0,0.0,0.0,0.0,0.0,0.0,0.0
10,1,../includes/Weather-Strawberry-Greenhouse.csv,25,350.0,0.00416666666666667,0.0,0.0,0.0,0.0,0.0,0.0,0.0,0.0
10,1,../includes/Weather-Strawberry-Greenhouse.csv,26,364.0,0.00972222222222222,0.0,0.0,0.0,0.0,0.00522569444444444,0.0,0.0,0.000188125
10,1,../includes/Weather-Strawberry-Greenhouse.csv,27,378.0,0.01388888888888889,0.0,0.00138888888888889,0.00092592592592593,0.00416666666666667,0.00522569444444444,0.07673611111111112,0.01666666666666667,0.000188125
10,1,../includes/Weather-Strawberry-Greenhouse.csv,28,392.0,0.01805555555555555,0.0,0.00138888888888889,0.00092592592592593,0.00416666666666667,0.01420138888888889,0.07673611111111112,0.01666666666666667,0.00051125
10,1,../includes/Weather-Strawberry-Greenhouse.csv,29,406.0,0.01805555555555555,0.0,0.00347222222222222,0.00231481481481482,0.00833333333333333,0.01420138888888889,0.1686342592592593,0.04166666666666666,0.00051125
10,1,../includes/Weather-Strawberry-Greenhouse.csv,30,424.0,0.02916666666666667,0.0,0.00347222222222222,0.00231481481481482,0.00833333333333333,0.05357638888888889,0.1686342592592593,0.04166666666666666,0.00192875
10,1,../includes/Weather-Strawberry-Greenhouse.csv,31,442.0,0.03333333333333333,0.0,0.00763888888888889,0.00509259259259259,0.01666666666666667,0.05357638888888889,0.6380787037037037,0.09166666666666666,0.00192875
10,1,../includes/Weather-Strawberry-Greenhouse.csv,32,460.0,0.03888888888888889,0.0,0.00763888888888889,0.00509259259259259,0.01666666666666667,0.18361111111111109,0.6380787037037037,0.09166666666666666,0.00661
10,1,../includes/Weather-Strawberry-Greenhouse.csv,33,478.0,0.04583333333333333,0.0,0.01597222222222222,0.01064814814814815,0.02569444444444445,0.32137152777777783,2.260763888888889,0.19166666666666668,0.011569375
10,1,../includes/Weather-Strawberry-Greenhouse.csv,34,496.0,0.05972222222222223,0.0,0.02430555555555556,0.01620370370370371,0.03263888888888889,0.42060763888888886,3.9864583333333328,0.2916666666666667,0.015141875
10,1,../includes/Weather-Strawberry-Greenhouse.csv,35,514.0,0.05833333333333333,0.0,0.03055555555555555,0.02037037037037037,0.03888888888888888,0.4918229166666666,5.226273148148148,0.36666666666666664,0.017705625
10,1,../includes/Weather-Strawberry-Greenhouse.csv,36,532.0,0.07361111111111111,0.0,0.03472222222222222,0.02314814814814814,0.04166666666666666,0.7663715277777778,6.1202546296296285,0.4166666666666667,0.02758937500000001
10,1,../includes/Weather-Strawberry-Greenhouse.csv,37,550.0,0.07916666666666666,0.0,0.05138888888888889,0.03425925925925925,0.05833333333333333,1.0100347222222223,9.558680555555554,0.6166666666666667,0.03636125
10,1,../includes/Weather-Strawberry-Greenhouse.csv,38,568.0,0.0875,0.0,0.06597222222222222,0.04398148148148149,0.06944444444444445,1.2897395833333327,12.613078703703705,0.7916666666666666,0.046430625
10,1,../includes/Weather-Strawberry-Greenhouse.csv,39,586.0,0.08611111111111111,0.0,0.0826388888888889,0.05509259259259261,0.07916666666666665,1.5629513888888882,16.12025462962963,0.9916666666666667,0.05626624999999998
10,1,../includes/Weather-Strawberry-Greenhouse.csv,40,604.0,0.08611111111111111,0.0,0.09930555555555556,0.06620370370370374,0.09236111111111112,1.9596180555555547,19.54085648148149,1.1916666666666667,0.07054625
10,1,../includes/Weather-Strawberry-Greenhouse.csv,41,622.0,0.08472222222222223,0.0,0.12430555555555554,0.08287037037037036,0.1125,2.1894965277777767,24.496412037037043,1.4916666666666667,0.078821875
10,1,../includes/Weather-Strawberry-Greenhouse.csv,42,640.0,0.08333333333333333,0.0,0.13888888888888887,0.09259259259259255,0.12569444444444447,2.768871527777778,27.3670138888889,1.6666666666666667,0.09967937499999999
10,1,../includes/Weather-Strawberry-Greenhouse.csv,43,658.0,0.08055555555555556,0.0,0.1753472222222222,0.11759259259259246,0.15833333333333333,3.1807291666666675,34.76261574074074,2.1041666666666665,0.11450624999999999
10,1,../includes/Weather-Strawberry-Greenhouse.csv,44,676.0,0.08333333333333333,0.0,0.2003472222222222,0.13425925925925908,0.17430555555555557,3.6465277777777785,39.92071759259258,2.404166666666667,0.131275
10,1,../includes/Weather-Strawberry-Greenhouse.csv,45,694.0,0.0875,0.0,0.2295138888888889,0.15370370370370365,0.2013888888888889,4.008090277777779,45.742476851851855,2.754166666666667,0.14429125000000004
10,1,../includes/Weather-Strawberry-Greenhouse.csv,46,712.0,0.08333333333333333,0.0,0.25243055555555555,0.16898148148148154,0.2229166666666667,4.24967013888889,50.25775462962963,3.029166666666667,0.15298812500000003
10,1,../includes/Weather-Strawberry-Greenhouse.csv,47,730.0,0.08472222222222223,0.0,0.26701388888888894,0.17870370370370384,0.23402777777777778,4.766475694444446,53.284375,3.2041666666666666,0.17159312500000007
10,1,../includes/Weather-Strawberry-Greenhouse.csv,48,748.0,0.09722222222222222,0.0,0.2993055555555556,0.2023148148148151,0.25462962962962954,5.112256944444446,60.212152777777774,3.591666666666667,0.18404125000000007
10,1,../includes/Weather-Strawberry-Greenhouse.csv,49,766.0,0.10138888888888889,0.0,0.3201388888888889,0.21759259259259298,0.26203703703703696,5.527638888888891,64.87372685185184,3.841666666666667,0.19899500000000012
10,1,../includes/Weather-Strawberry-Greenhouse.csv,50,784.0,0.1111111111111111,0.0,0.34513888888888894,0.23425925925925972,0.28009259259259256,5.9365972222222245,70.07881944444443,4.141666666666667,0.21371750000000014
10,1,../includes/Weather-Strawberry-Greenhouse.csv,51,802.0,0.10694444444444444,0.00416666666666667,0.37118055555555557,0.2523148148148154,0.2995370370370371,6.259583333333338,75.34386574074074,4.454166666666667,0.22534500000000018
10,1,../includes/Weather-Strawberry-Greenhouse.csv,52,820.0,0.11944444444444445,0.00555555555555556,0.3909722222222223,0.26620370370370433,0.31412037037037027,6.663489583333336,79.56539351851849,4.691666666666666,0.2398856250000002
10,1,../includes/Weather-Strawberry-Greenhouse.csv,53,838.0,0.12083333333333333,0.00694444444444444,0.41805555555555557,0.2856481481481485,0.33888888888888896,7.032500000000004,84.94340277777776,5.016666666666667,0.25317000000000023
10,1,../includes/Weather-Strawberry-Greenhouse.csv,54,856.0,0.12916666666666668,0.00972222222222222,0.44097222222222227,0.302314814814815,0.35648148148148157,7.607343750000004,89.89525462962962,5.291666666666667,0.2738643750000002
10,1,../includes/Weather-Strawberry-Greenhouse.csv,55,874.0,0.14305555555555555,0.01805555555555555,0.4774305555555556,0.3314814814814813,0.38379629629629647,7.9193576388888935,98.13969907407407,5.729166666666667,0.2850968750000002
10,1,../includes/Weather-Strawberry-Greenhouse.csv,56,892.0,0.15138888888888888,0.025,0.4993055555555556,0.35370370370370324,0.39467592592592615,8.225833333333336,103.78622685185184,5.991666666666666,0.2961300000000002
10,1,../includes/Weather-Strawberry-Greenhouse.csv,57,910.0,0.1597222222222222,0.03194444444444444,0.5222222222222223,0.37731481481481416,0.40300925925925946,8.411284722222227,109.28437500000001,6.266666666666667,0.3028062500000002
10,1,../includes/Weather-Strawberry-Greenhouse.csv,58,928.0,0.17222222222222222,0.04166666666666666,0.5357638888888888,0.392592592592592,0.40469576719576744,8.736128472222223,113.0056712962963,6.429166666666666,0.3145006250000002
10,1,../includes/Weather-Strawberry-Greenhouse.csv,59,946.0,0.1875,0.04583333333333333,0.5607638888888888,0.4217592592592589,0.4093253968253971,9.039236111111112,119.70706018518518,6.729166666666667,0.32541250000000027
10,1,../includes/Weather-Strawberry-Greenhouse.csv,60,967.0,0.19583333333333333,0.05277777777777778,0.5847222222222221,0.45231481481481484,0.4103670634920637,9.372100694444443,126.74409722222224,7.016666666666667,0.3373956250000002
10,1,../includes/Weather-Strawberry-Greenhouse.csv,61,988.0,0.2152777777777778,0.07777777777777778,0.6097222222222222,0.48287037037037045,0.40805224867724893,9.767239583333328,134.06284722222225,7.316666666666666,0.35162062500000013
10,1,../includes/Weather-Strawberry-Greenhouse.csv,62,1009.0,0.22361111111111112,0.09583333333333334,0.6399305555555554,0.5203703703703705,0.408399470899471,9.992569444444444,143.0637731481481,7.679166666666666,0.3597325000000002
10,1,../includes/Weather-Strawberry-Greenhouse.csv,63,1030.0,0.2125,0.12638888888888888,0.6576388888888888,0.5439814814814817,0.40631613756613755,10.347760416666663,148.60034722222224,7.891666666666667,0.3725193750000002
10,1,../includes/Weather-Strawberry-Greenhouse.csv,64,1051.0,0.18888888888888888,0.15416666666666667,0.6857638888888888,0.5814814814814814,0.40110780423280434,10.72128472222222,157.32210648148154,8.229166666666666,0.3859662500000001
10,1,../includes/Weather-Strawberry-Greenhouse.csv,65,1072.0,0.18055555555555555,0.16527777777777777,0.7180555555555554,0.6245370370370371,0.408399470899471,11.085868055555547,166.42164351851858,8.616666666666667,0.39909125000000006
10,1,../includes/Weather-Strawberry-Greenhouse.csv,66,1093.0,0.15555555555555556,0.18611111111111112,0.7524305555555555,0.6703703703703702,0.41742724867724884,11.471736111111102,175.22719907407412,9.029166666666667,0.4129825
10,1,../includes/Weather-Strawberry-Greenhouse.csv,67,1114.0,0.12916666666666668,0.2013888888888889,0.7868055555555554,0.7162037037037037,0.4268055555555558,11.843958333333326,184.60034722222233,9.441666666666666,0.4263824999999999
10,1,../includes/Weather-Strawberry-Greenhouse.csv,68,1135.0,0.12638888888888888,0.2263888888888889,0.8190972222222221,0.7592592592592591,0.42680555555555577,12.242621527777768,193.66516203703716,9.829166666666667,0.4407343749999997
10,1,../includes/Weather-Strawberry-Greenhouse.csv,69,1156.0,0.1111111111111111,0.24166666666666667,0.8534722222222222,0.8050925925925922,0.4332870370370371,12.511128472222218,203.3795138888889,10.241666666666667,0.4504006249999996
10,1,../includes/Weather-Strawberry-Greenhouse.csv,70,1177.0,0.08611111111111111,0.26666666666666666,0.8774305555555555,0.8370370370370365,0.4349074074074073,12.676163194444445,209.9008101851852,10.529166666666667,0.4563418749999996
10,1,../includes/Weather-Strawberry-Greenhouse.csv,71,1198.0,0.075,0.2972222222222222,0.8940972222222221,0.8592592592592587,0.43930555555555545,13.014826388888888,213.85729166666673,10.729166666666666,0.46853374999999947
10,1,../includes/Weather-Strawberry-Greenhouse.csv,72,1219.0,0.05694444444444444,0.31666666666666665,0.9222222222222222,0.8967592592592587,0.4399999999999999,13.170729166666668,222.13831018518536,11.066666666666666,0.47414624999999944
10,1,../includes/Weather-Strawberry-Greenhouse.csv,73,1240.0,0.02916666666666667,0.3388888888888889,0.9357638888888888,0.9148148148148143,0.4396527777777777,13.352916666666664,225.93460648148158,11.229166666666666,0.4807049999999996
10,1,../includes/Weather-Strawberry-Greenhouse.csv,74,1261.0,0.025,0.375,0.9503472222222221,0.9342592592592589,0.4394212962962963,13.593576388888886,230.40405092592601,11.404166666666667,0.4893687499999995
10,1,../includes/Weather-Strawberry-Greenhouse.csv,75,1282.0,0.01666666666666667,0.4027777777777778,0.9722222222222221,0.9634259259259257,0.4423148148148149,13.658472222222219,236.2383101851853,11.666666666666666,0.49170499999999945
10,1,../includes/Weather-Strawberry-Greenhouse.csv,76,1303.0,0.00972222222222222,0.4375,0.9774305555555555,0.9703703703703701,0.4426620370370371,13.76611111111111,237.82997685185197,11.729166666666666,0.49557999999999947
10,1,../includes/Weather-Strawberry-Greenhouse.csv,77,1324.0,0.00833333333333333,0.4652777777777778,0.9868055555555555,0.9828703703703704,0.4428935185185186,13.833454861111107,240.4503472222223,11.841666666666667,0.49800437499999933
10,1,../includes/Weather-Strawberry-Greenhouse.csv,78,1345.0,0.00694444444444444,0.5069444444444444,0.9920138888888889,0.9898148148148148,0.4408101851851853,13.84710069444444,242.10729166666675,11.904166666666667,0.4984956249999993
10,1,../includes/Weather-Strawberry-Greenhouse.csv,79,1366.0,0.00416666666666667,0.5541666666666667,0.9930555555555555,0.9912037037037037,0.44092592592592605,13.857916666666663,242.4434027777779,11.916666666666666,0.4988849999999993
10,1,../includes/Weather-Strawberry-Greenhouse.csv,80,1387.0,0.0,0.5875,0.9940972222222222,0.9925925925925925,0.441388888888889,13.885694444444441,242.70405092592603,11.929166666666667,0.4998849999999993
10,1,../includes/Weather-Strawberry-Greenhouse.csv,81,1408.0,0.0,0.6152777777777778,0.9961805555555555,0.9953703703703703,0.4405787037037039,13.901371527777775,243.38923611111122,11.954166666666667,0.5004493749999993
10,1,../includes/Weather-Strawberry-Greenhouse.csv,82,1429.0,0.0,0.6625,0.9982638888888888,0.9981481481481481,0.441851851851852,13.901371527777775,243.75173611111123,11.979166666666666,0.5004493749999993
10,1,../includes/Weather-Strawberry-Greenhouse.csv,83,1450.0,0.0,0.6972222222222222,0.9982638888888888,0.9981481481481481,0.441851851851852,13.901371527777775,243.75173611111123,11.979166666666666,0.5004493749999993
10,1,../includes/Weather-Strawberry-Greenhouse.csv,84,1471.0,0.0,0.7305555555555555,0.9982638888888888,0.9981481481481481,0.441851851851852,13.901371527777775,243.75173611111123,11.979166666666666,0.5004493749999993
10,1,../includes/Weather-Strawberry-Greenhouse.csv,85,1492.0,0.0,0.7763888888888889,0.9982638888888888,0.9981481481481481,0.441851851851852,13.901371527777775,243.75173611111123,11.979166666666666,0.5004493749999993
10,1,../includes/Weather-Strawberry-Greenhouse.csv,86,1513.0,0.0,0.8111111111111111,0.9982638888888888,0.9981481481481481,0.441851851851852,13.901371527777775,243.75173611111123,11.979166666666666,0.5004493749999993
10,1,../includes/Weather-Strawberry-Greenhouse.csv,87,1534.0,0.0,0.8541666666666666,0.9982638888888888,0.9981481481481481,0.441851851851852,13.901371527777775,243.75173611111123,11.979166666666666,0.5004493749999993
10,1,../includes/Weather-Strawberry-Greenhouse.csv,88,1555.0,0.0,0.8777777777777778,0.9982638888888888,0.9981481481481481,0.441851851851852,13.901371527777775,243.75173611111123,11.979166666666666,0.5004493749999993
10,1,../includes/Weather-Strawberry-Greenhouse.csv,89,1576.0,0.0,0.9055555555555556,0.9982638888888888,0.9981481481481481,0.441851851851852,13.901371527777775,243.75173611111123,11.979166666666666,0.5004493749999993
10,1,../includes/Weather-Strawberry-Greenhouse.csv,90,1599.0,0.0,0.925,0.9982638888888888,0.9981481481481481,0.441851851851852,13.901371527777775,243.75173611111123,11.979166666666666,0.5004493749999993
10,1,../includes/Weather-Strawberry-Greenhouse.csv,91,1622.0,0.0,0.95,0.9982638888888888,0.9981481481481481,0.441851851851852,13.901371527777775,243.75173611111123,11.979166666666666,0.5004493749999993
10,1,../includes/Weather-Strawberry-Greenhouse.csv,92,1645.0,0.0,0.9694444444444444,0.9982638888888888,0.9981481481481481,0.441851851851852,13.901371527777775,243.75173611111123,11.979166666666666,0.5004493749999993
10,1,../includes/Weather-Strawberry-Greenhouse.csv,93,1668.0,0.0,0.9791666666666666,0.9982638888888888,0.9981481481481481,0.441851851851852,13.901371527777775,243.75173611111123,11.979166666666666,0.5004493749999993
10,1,../includes/Weather-Strawberry-Greenhouse.csv,94,1691.0,0.0,0.9847222222222223,0.9982638888888888,0.9981481481481481,0.441851851851852,13.901371527777775,243.75173611111123,11.979166666666666,0.5004493749999993
10,1,../includes/Weather-Strawberry-Greenhouse.csv,95,1714.0,0.0,0.9875,0.9982638888888888,0.9981481481481481,0.441851851851852,13.901371527777775,243.75173611111123,11.979166666666666,0.5004493749999993
10,1,../includes/Weather-Strawberry-Greenhouse.csv,96,1737.0,0.0,0.9916666666666667,0.9982638888888888,0.9981481481481481,0.441851851851852,13.901371527777775,243.75173611111123,11.979166666666666,0.5004493749999993
10,1,../includes/Weather-Strawberry-Greenhouse.csv,97,1760.0,0.0,0.9972222222222222,0.9982638888888888,0.9981481481481481,0.441851851851852,13.901371527777775,243.75173611111123,11.979166666666666,0.5004493749999993
10,1,../includes/Weather-Strawberry-Greenhouse.csv,98,1783.0,0.0,0.9986111111111111,0.9982638888888888,0.9981481481481481,0.441851851851852,13.901371527777775,243.75173611111123,11.979166666666666,0.5004493749999993
10,1,../includes/Weather-Strawberry-Greenhouse.csv,99,1806.0,0.0,0.9986111111111111,0.9982638888888888,0.9981481481481481,0.441851851851852,13.901371527777775,243.75173611111123,11.979166666666666,0.5004493749999993
10,1,../includes/Weather-Strawberry-Greenhouse.csv,100,1829.0,0.0,0.9986111111111111,0.9982638888888888,0.9981481481481481,0.441851851851852,13.901371527777775,243.75173611111123,11.979166666666666,0.5004493749999993
10,1,../includes/Weather-Strawberry-Greenhouse.csv,101,1852.0,0.0,1.0,0.9982638888888888,0.9981481481481481,0.441851851851852,13.901371527777775,243.75173611111123,11.979166666666666,0.5004493749999993
10,1,../includes/Weather-Strawberry-Greenhouse.csv,102,1875.0,0.0,1.0,0.9982638888888888,0.9981481481481481,0.441851851851852,13.901371527777775,243.75173611111123,11.979166666666666,0.5004493749999993
10,1,../includes/Weather-Strawberry-Greenhouse.csv,103,1898.0,0.0,1.0,0.9982638888888888,0.9981481481481481,0.441851851851852,13.901371527777775,243.75173611111123,11.979166666666666,0.5004493749999993
10,1,../includes/Weather-Strawberry-Greenhouse.csv,104,1921.0,0.0,1.0,0.9982638888888888,0.9981481481481481,0.441851851851852,13.901371527777775,243.75173611111123,11.979166666666666,0.5004493749999993
10,1,../includes/Weather-Strawberry-Greenhouse.csv,105,1944.0,0.0,1.0,0.9982638888888888,0.9981481481481481,0.441851851851852,13.901371527777775,243.75173611111123,11.979166666666666,0.5004493749999993
10,1,../includes/Weather-Strawberry-Greenhouse.csv,106,1967.0,0.0,1.0,0.9982638888888888,0.9981481481481481,0.441851851851852,13.901371527777775,243.75173611111123,11.979166666666666,0.5004493749999993
10,1,../includes/Weather-Strawberry-Greenhouse.csv,107,1990.0,0.0,1.0,0.9982638888888888,0.9981481481481481,0.441851851851852,13.901371527777775,243.75173611111123,11.979166666666666,0.5004493749999993
10,1,../includes/Weather-Strawberry-Greenhouse.csv,108,2013.0,0.0,1.0,0.9982638888888888,0.9981481481481481,0.441851851851852,13.901371527777775,243.75173611111123,11.979166666666666,0.5004493749999993
10,1,../includes/Weather-Strawberry-Greenhouse.csv,109,2036.0,0.0,1.0,0.9982638888888888,0.9981481481481481,0.441851851851852,13.901371527777775,243.75173611111123,11.979166666666666,0.5004493749999993
10,1,../includes/Weather-Strawberry-Greenhouse.csv,1,0.0,0.0,0.0,0.0,0.0,0.0,0.0,0.0,0.0,0.0
10,1,../includes/Weather-Strawberry-Greenhouse.csv,1,14.0,0.0,0.0,0.0,0.0,0.0,0.0,0.0,0.0,0.0
10,1,../includes/Weather-Strawberry-Greenhouse.csv,2,28.0,0.0,0.0,0.0,0.0,0.0,0.0,0.0,0.0,0.0
10,1,../includes/Weather-Strawberry-Greenhouse.csv,3,42.0,0.0,0.0,0.0,0.0,0.0,0.0,0.0,0.0,0.0
10,1,../includes/Weather-Strawberry-Greenhouse.csv,4,56.0,0.0,0.0,0.0,0.0,0.0,0.0,0.0,0.0,0.0
10,1,../includes/Weather-Strawberry-Greenhouse.csv,5,70.0,0.0,0.0,0.0,0.0,0.0,0.0,0.0,0.0,0.0
10,1,../includes/Weather-Strawberry-Greenhouse.csv,6,84.0,0.0,0.0,0.0,0.0,0.0,0.0,0.0,0.0,0.0
10,1,../includes/Weather-Strawberry-Greenhouse.csv,7,98.0,0.0,0.0,0.0,0.0,0.0,0.0,0.0,0.0,0.0
10,1,../includes/Weather-Strawberry-Greenhouse.csv,8,112.0,0.0,0.0,0.0,0.0,0.0,0.0,0.0,0.0,0.0
10,1,../includes/Weather-Strawberry-Greenhouse.csv,9,126.0,0.0,0.0,0.0,0.0,0.0,0.0,0.0,0.0,0.0
10,1,../includes/Weather-Strawberry-Greenhouse.csv,10,140.0,0.0,0.0,0.0,0.0,0.0,0.0,0.0,0.0,0.0
10,1,../includes/Weather-Strawberry-Greenhouse.csv,11,154.0,0.0,0.0,0.0,0.0,0.0,0.0,0.0,0.0,0.0
10,1,../includes/Weather-Strawberry-Greenhouse.csv,12,168.0,0.0,0.0,0.0,0.0,0.0,0.0,0.0,0.0,0.0
10,1,../includes/Weather-Strawberry-Greenhouse.csv,13,182.0,0.0,0.0,0.0,0.0,0.0,0.0,0.0,0.0,0.0
10,1,../includes/Weather-Strawberry-Greenhouse.csv,14,196.0,0.0,0.0,0.0,0.0,0.0,0.0,0.0,0.0,0.0
10,1,../includes/Weather-Strawberry-Greenhouse.csv,15,210.0,0.0,0.0,0.0,0.0,0.0,0.0,0.0,0.0,0.0
10,1,../includes/Weather-Strawberry-Greenhouse.csv,17,238.0,0.00055555555555556,0.0,0.0,0.0,0.0,0.0,0.0,0.0,0.0
10,1,../includes/Weather-Strawberry-Greenhouse.csv,1,0.0,0.0,0.0,0.0,0.0,0.0,0.0,0.0,0.0,0.0
10,1,../includes/Weather-Strawberry-Greenhouse.csv,1,14.0,0.0,0.0,0.0,0.0,0.0,0.0,0.0,0.0,0.0
10,1,../includes/Weather-Strawberry-Greenhouse.csv,2,28.0,0.0,0.0,0.0,0.0,0.0,0.0,0.0,0.0,0.0
10,1,../includes/Weather-Strawberry-Greenhouse.csv,3,42.0,0.0,0.0,0.0,0.0,0.0,0.0,0.0,0.0,0.0
10,1,../includes/Weather-Strawberry-Greenhouse.csv,4,56.0,0.0,0.0,0.0,0.0,0.0,0.0,0.0,0.0,0.0
10,1,../includes/Weather-Strawberry-Greenhouse.csv,5,70.0,0.0,0.0,0.0,0.0,0.0,0.0,0.0,0.0,0.0
10,1,../includes/Weather-Strawberry-Greenhouse.csv,1,0.0,0.0,0.0,0.0,0.0,0.0,0.0,0.0,0.0,0.0
10,1,../includes/Weather-Strawberry-Greenhouse.csv,1,0.0,0.0,0.0,0.0,0.0,0.0,0.0,0.0,0.0,0.0
10,1,../includes/Weather-Strawberry-Greenhouse.csv,1,14.0,0.0,0.0,0.0,0.0,0.0,0.0,0.0,0.0,0.0
10,1,../includes/Weather-Strawberry-Greenhouse.csv,2,28.0,0.0,0.0,0.0,0.0,0.0,0.0,0.0,0.0,0.0
10,1,../includes/Weather-Strawberry-Greenhouse.csv,3,42.0,0.0,0.0,0.0,0.0,0.0,0.0,0.0,0.0,0.0
10,1,../includes/Weather-Strawberry-Greenhouse.csv,4,56.0,0.0,0.0,0.0,0.0,0.0,0.0,0.0,0.0,0.0
10,1,../includes/Weather-Strawberry-Greenhouse.csv,5,70.0,0.0,0.0,0.0,0.0,0.0,0.0,0.0,0.0,0.0
10,1,../includes/Weather-Strawberry-Greenhouse.csv,6,84.0,0.0,0.0,0.0,0.0,0.0,0.0,0.0,0.0,0.0
10,1,../includes/Weather-Strawberry-Greenhouse.csv,7,98.0,0.0,0.0,0.0,0.0,0.0,0.0,0.0,0.0,0.0
10,1,../includes/Weather-Strawberry-Greenhouse.csv,8,112.0,0.0,0.0,0.0,0.0,0.0,0.0,0.0,0.0,0.0
10,1,../includes/Weather-Strawberry-Greenhouse.csv,1,0.0,0.0,0.0,0.0,0.0,0.0,0.0,0.0,0.0,0.0
10,1,../includes/Weather-Strawberry-Greenhouse.csv,1,0.0,0.0,0.0,0.0,0.0,0.0,0.0,0.0,0.0,0.0
10,1,../includes/Weather-Strawberry-Greenhouse.csv,1,14.0,0.0,0.0,0.0,0.0,0.0,0.0,0.0,0.0,0.0
10,1,../includes/Weather-Strawberry-Greenhouse.csv,1,0.0,0.0,0.0,0.0,0.0,0.0,0.0,0.0,0.0,0.0
10,1,../includes/Weather-Strawberry-Greenhouse.csv,1,14.0,0.0,0.0,0.0,0.0,0.0,0.0,0.0,0.0,0.0
10,1,../includes/Weather-Strawberry-Greenhouse.csv,2,28.0,0.0,0.0,0.0,0.0,0.0,0.0,0.0,0.0,0.0
10,1,../includes/Weather-Strawberry-Greenhouse.csv,3,42.0,0.0,0.0,0.0,0.0,0.0,0.0,0.0,0.0,0.0
10,1,../includes/Weather-Strawberry-Greenhouse.csv,4,56.0,0.0,0.0,0.0,0.0,0.0,0.0,0.0,0.0,0.0
10,1,../includes/Weather-Strawberry-Greenhouse.csv,5,70.0,0.0,0.0,0.0,0.0,0.0,0.0,0.0,0.0,0.0
10,1,../includes/Weather-Strawberry-Greenhouse.csv,6,84.0,0.0,0.0,0.0,0.0,0.0,0.0,0.0,0.0,0.0
10,1,../includes/Weather-Strawberry-Greenhouse.csv,7,98.0,0.0,0.0,0.0,0.0,0.0,0.0,0.0,0.0,0.0
10,1,../includes/Weather-Strawberry-Greenhouse.csv,8,112.0,0.0,0.0,0.0,0.0,0.0,0.0,0.0,0.0,0.0
10,1,../includes/Weather-Strawberry-Greenhouse.csv,9,126.0,0.0,0.0,0.0,0.0,0.0,0.0,0.0,0.0,0.0
10,1,../includes/Weather-Strawberry-Greenhouse.csv,10,140.0,0.0,0.0,0.0,0.0,0.0,0.0,0.0,0.0,0.0
10,1,../includes/Weather-Strawberry-Greenhouse.csv,11,154.0,0.0,0.0,0.0,0.0,0.0,0.0,0.0,0.0,0.0
10,1,../includes/Weather-Strawberry-Greenhouse.csv,12,168.0,0.0,0.0,0.0,0.0,0.0,0.0,0.0,0.0,0.0
10,1,../includes/Weather-Strawberry-Greenhouse.csv,13,182.0,0.0,0.0,0.0,0.0,0.0,0.0,0.0,0.0,0.0
10,1,../includes/Weather-Strawberry-Greenhouse.csv,1,0.0,0.0,0.0,0.0,0.0,0.0,0.0,0.0,0.0,0.0
10,1,../includes/Weather-Strawberry-Greenhouse.csv,1,14.0,0.0,0.0,0.0,0.0,0.0,0.0,0.0,0.0,0.0
10,1,../includes/Weather-Strawberry-Greenhouse.csv,2,28.0,0.0,0.0,0.0,0.0,0.0,0.0,0.0,0.0,0.0
10,1,../includes/Weather-Strawberry-Greenhouse.csv,3,42.0,0.0,0.0,0.0,0.0,0.0,0.0,0.0,0.0,0.0
10,1,../includes/Weather-Strawberry-Greenhouse.csv,4,56.0,0.0,0.0,0.0,0.0,0.0,0.0,0.0,0.0,0.0
10,1,../includes/Weather-Strawberry-Greenhouse.csv,5,70.0,0.0,0.0,0.0,0.0,0.0,0.0,0.0,0.0,0.0
10,1,../includes/Weather-Strawberry-Greenhouse.csv,6,84.0,0.0,0.0,0.0,0.0,0.0,0.0,0.0,0.0,0.0
10,1,../includes/Weather-Strawberry-Greenhouse.csv,7,98.0,0.0,0.0,0.0,0.0,0.0,0.0,0.0,0.0,0.0
10,1,../includes/Weather-Strawberry-Greenhouse.csv,8,112.0,0.0,0.0,0.0,0.0,0.0,0.0,0.0,0.0,0.0
10,1,../includes/Weather-Strawberry-Greenhouse.csv,9,126.0,0.0,0.0,0.0,0.0,0.0,0.0,0.0,0.0,0.0
10,1,../includes/Weather-Strawberry-Greenhouse.csv,10,140.0,0.0,0.0,0.0,0.0,0.0,0.0,0.0,0.0,0.0
10,1,../includes/Weather-Strawberry-Greenhouse.csv,11,154.0,0.0,0.0,0.0,0.0,0.0,0.0,0.0,0.0,0.0
10,1,../includes/Weather-Strawberry-Greenhouse.csv,12,168.0,0.0,0.0,0.0,0.0,0.0,0.0,0.0,0.0,0.0
10,1,../includes/Weather-Strawberry-Greenhouse.csv,13,182.0,0.0,0.0,0.0,0.0,0.0,0.0,0.0,0.0,0.0
10,1,../includes/Weather-Strawberry-Greenhouse.csv,14,196.0,0.0,0.0,0.0,0.0,0.0,0.0,0.0,0.0,0.0
10,1,../includes/Weather-Strawberry-Greenhouse.csv,15,210.0,0.0,0.0,0.0,0.0,0.0,0.0,0.0,0.0,0.0
10,1,../includes/Weather-Strawberry-Greenhouse.csv,1,0.0,0.0,0.0,0.0,0.0,0.0,0.0,0.0,0.0,0.0
10,1,../includes/Weather-Strawberry-Greenhouse.csv,1,0.0,0.0,0.0,0.0,0.0,0.0,0.0,0.0,0.0,0.0
10,1,../includes/Weather-Strawberry-Greenhouse.csv,1,14.0,0.0,0.0,0.0,0.0,0.0,0.0,0.0,0.0,0.0
10,1,../includes/Weather-Strawberry-Greenhouse.csv,1,0.0,0.0,0.0,0.0,0.0,0.0,0.0,0.0,0.0,0.0
10,1,../includes/Weather-Strawberry-Greenhouse.csv,1,14.0,0.0,0.0,0.0,0.0,0.0,0.0,0.0,0.0,0.0
10,1,../includes/Weather-Strawberry-Greenhouse.csv,2,28.0,0.0,0.0,0.0,0.0,0.0,0.0,0.0,0.0,0.0
10,1,../includes/Weather-Strawberry-Greenhouse.csv,3,42.0,0.0,0.0,0.0,0.0,0.0,0.0,0.0,0.0,0.0
10,1,../includes/Weather-Strawberry-Greenhouse.csv,4,56.0,0.0,0.0,0.0,0.0,0.0,0.0,0.0,0.0,0.0
10,1,../includes/Weather-Strawberry-Greenhouse.csv,1,0.0,0.0,0.0,0.0,0.0,0.0,0.0,0.0,0.0,0.0
10,1,../includes/Weather-Strawberry-Greenhouse.csv,1,14.0,0.0,0.0,0.0,0.0,0.0,0.0,0.0,0.0,0.0
10,1,../includes/Weather-Strawberry-Greenhouse.csv,2,28.0,0.0,0.0,0.0,0.0,0.0,0.0,0.0,0.0,0.0
10,1,../includes/Weather-Strawberry-Greenhouse.csv,1,0.0,0.0,0.0,0.0,0.0,0.0,0.0,0.0,0.0,0.0
10,1,../includes/Weather-Strawberry-Greenhouse.csv,1,14.0,0.0,0.0,0.0,0.0,0.0,0.0,0.0,0.0,0.0
10,1,../includes/Weather-Strawberry-Greenhouse.csv,1,0.0,0.0,0.0,0.0,0.0,0.0,0.0,0.0,0.0,0.0
10,1,../includes/Weather-Strawberry-Greenhouse.csv,1,14.0,0.0,0.0,0.0,0.0,0.0,0.0,0.0,0.0,0.0
10,1,../includes/Weather-Strawberry-Greenhouse.csv,2,28.0,0.0,0.0,0.0,0.0,0.0,0.0,0.0,0.0,0.0
10,1,../includes/Weather-Strawberry-Greenhouse.csv,3,42.0,0.0,0.0,0.0,0.0,0.0,0.0,0.0,0.0,0.0
10,1,../includes/Weather-Strawberry-Greenhouse.csv,4,56.0,0.0,0.0,0.0,0.0,0.0,0.0,0.0,0.0,0.0
10,1,../includes/Weather-Strawberry-Greenhouse.csv,5,70.0,0.0,0.0,0.0,0.0,0.0,0.0,0.0,0.0,0.0
10,1,../includes/Weather-Strawberry-Greenhouse.csv,6,84.0,0.0,0.0,0.0,0.0,0.0,0.0,0.0,0.0,0.0
10,1,../includes/Weather-Strawberry-Greenhouse.csv,7,98.0,0.0,0.0,0.0,0.0,0.0,0.0,0.0,0.0,0.0
10,1,../includes/Weather-Strawberry-Greenhouse.csv,8,112.0,0.0,0.0,0.0,0.0,0.0,0.0,0.0,0.0,0.0
10,1,../includes/Weather-Strawberry-Greenhouse.csv,9,126.0,0.0,0.0,0.0,0.0,0.0,0.0,0.0,0.0,0.0
10,1,../includes/Weather-Strawberry-Greenhouse.csv,1,0.0,0.0,0.0,0.0,0.0,0.0,0.0,0.0,0.0,0.0
10,1,../includes/Weather-Strawberry-Greenhouse.csv,1,0.0,0.0,0.0,0.0,0.0,0.0,0.0,0.0,0.0,0.0
10,1,../includes/Weather-Strawberry-Greenhouse.csv,1,0.0,0.0,0.0,0.0,0.0,0.0,0.0,0.0,0.0,0.0
10,1,../includes/Weather-Strawberry-Greenhouse.csv,1,0.0,0.0,0.0,0.0,0.0,0.0,0.0,0.0,0.0,0.0
10,1,../includes/Weather-Strawberry-Greenhouse.csv,1,14.0,0.0,0.0,0.0,0.0,0.0,0.0,0.0,0.0,0.0
10,1,../includes/Weather-Strawberry-Greenhouse.csv,2,28.0,0.0,0.0,0.0,0.0,0.0,0.0,0.0,0.0,0.0
10,1,../includes/Weather-Strawberry-Greenhouse.csv,3,42.0,0.0,0.0,0.0,0.0,0.0,0.0,0.0,0.0,0.0
10,1,../includes/Weather-Strawberry-Greenhouse.csv,4,56.0,0.0,0.0,0.0,0.0,0.0,0.0,0.0,0.0,0.0
10,1,../includes/Weather-Strawberry-Greenhouse.csv,5,70.0,0.0,0.0,0.0,0.0,0.0,0.0,0.0,0.0,0.0
10,1,../includes/Weather-Strawberry-Greenhouse.csv,6,84.0,0.0,0.0,0.0,0.0,0.0,0.0,0.0,0.0,0.0
10,1,../includes/Weather-Strawberry-Greenhouse.csv,7,98.0,0.0,0.0,0.0,0.0,0.0,0.0,0.0,0.0,0.0
10,1,../includes/Weather-Strawberry-Greenhouse.csv,8,112.0,0.0,0.0,0.0,0.0,0.0,0.0,0.0,0.0,0.0
10,1,../includes/Weather-Strawberry-Greenhouse.csv,9,126.0,0.0,0.0,0.0,0.0,0.0,0.0,0.0,0.0,0.0
10,1,../includes/Weather-Strawberry-Greenhouse.csv,10,140.0,0.0,0.0,0.0,0.0,0.0,0.0,0.0,0.0,0.0
10,1,../includes/Weather-Strawberry-Greenhouse.csv,11,154.0,0.0,0.0,0.0,0.0,0.0,0.0,0.0,0.0,0.0
10,1,../includes/Weather-Strawberry-Greenhouse.csv,1,0.0,0.0,0.0,0.0,0.0,0.0,0.0,0.0,0.0,0.0
10,1,../includes/Weather-Strawberry-Greenhouse.csv,1,14.0,0.0,0.0,0.0,0.0,0.0,0.0,0.0,0.0,0.0
10,1,../includes/Weather-Strawberry-Greenhouse.csv,2,28.0,0.0,0.0,0.0,0.0,0.0,0.0,0.0,0.0,0.0
10,1,../includes/Weather-Strawberry-Greenhouse.csv,3,42.0,0.0,0.0,0.0,0.0,0.0,0.0,0.0,0.0,0.0
10,1,../includes/Weather-Strawberry-Greenhouse.csv,4,56.0,0.0,0.0,0.0,0.0,0.0,0.0,0.0,0.0,0.0
10,1,../includes/Weather-Strawberry-Greenhouse.csv,5,70.0,0.0,0.0,0.0,0.0,0.0,0.0,0.0,0.0,0.0
10,1,../includes/Weather-Strawberry-Greenhouse.csv,6,84.0,0.0,0.0,0.0,0.0,0.0,0.0,0.0,0.0,0.0
10,1,../includes/Weather-Strawberry-Greenhouse.csv,7,98.0,0.0,0.0,0.0,0.0,0.0,0.0,0.0,0.0,0.0
10,1,../includes/Weather-Strawberry-Greenhouse.csv,8,112.0,0.0,0.0,0.0,0.0,0.0,0.0,0.0,0.0,0.0
10,1,../includes/Weather-Strawberry-Greenhouse.csv,9,126.0,0.0,0.0,0.0,0.0,0.0,0.0,0.0,0.0,0.0
10,1,../includes/Weather-Strawberry-Greenhouse.csv,10,140.0,0.0,0.0,0.0,0.0,0.0,0.0,0.0,0.0,0.0
10,1,../includes/Weather-Strawberry-Greenhouse.csv,1,0.0,0.0,0.0,0.0,0.0,0.0,0.0,0.0,0.0,0.0
10,1,../includes/Weather-Strawberry-Greenhouse.csv,1,0.0,0.0,0.0,0.0,0.0,0.0,0.0,0.0,0.0,0.0
10,1,../includes/Weather-Strawberry-Greenhouse.csv,1,0.0,0.0,0.0,0.0,0.0,0.0,0.0,0.0,0.0,0.0
10,1,../includes/Weather-Strawberry-Greenhouse.csv,1,14.0,0.0,0.0,0.0,0.0,0.0,0.0,0.0,0.0,0.0
10,1,../includes/Weather-Strawberry-Greenhouse.csv,2,28.0,0.0,0.0,0.0,0.0,0.0,0.0,0.0,0.0,0.0
10,1,../includes/Weather-Strawberry-Greenhouse.csv,3,42.0,0.0,0.0,0.0,0.0,0.0,0.0,0.0,0.0,0.0
10,1,../includes/Weather-Strawberry-Greenhouse.csv,4,56.0,0.0,0.0,0.0,0.0,0.0,0.0,0.0,0.0,0.0
10,1,../includes/Weather-Strawberry-Greenhouse.csv,5,70.0,0.0,0.0,0.0,0.0,0.0,0.0,0.0,0.0,0.0
10,1,../includes/Weather-Strawberry-Greenhouse.csv,6,84.0,0.0,0.0,0.0,0.0,0.0,0.0,0.0,0.0,0.0
10,1,../includes/Weather-Strawberry-Greenhouse.csv,7,98.0,0.0,0.0,0.0,0.0,0.0,0.0,0.0,0.0,0.0
10,1,../includes/Weather-Strawberry-Greenhouse.csv,1,0.0,0.0,0.0,0.0,0.0,0.0,0.0,0.0,0.0,0.0
10,1,../includes/Weather-Strawberry-Greenhouse.csv,1,14.0,0.0,0.0,0.0,0.0,0.0,0.0,0.0,0.0,0.0
10,1,../includes/Weather-Strawberry-Greenhouse.csv,1,0.0,0.0,0.0,0.0,0.0,0.0,0.0,0.0,0.0,0.0
10,1,../includes/Weather-Strawberry-Greenhouse.csv,1,14.0,0.0,0.0,0.0,0.0,0.0,0.0,0.0,0.0,0.0
10,1,../includes/Weather-Strawberry-Greenhouse.csv,2,28.0,0.0,0.0,0.0,0.0,0.0,0.0,0.0,0.0,0.0
10,1,../includes/Weather-Strawberry-Greenhouse.csv,3,42.0,0.0,0.0,0.0,0.0,0.0,0.0,0.0,0.0,0.0
10,1,../includes/Weather-Strawberry-Greenhouse.csv,4,56.0,0.0,0.0,0.0,0.0,0.0,0.0,0.0,0.0,0.0
10,1,../includes/Weather-Strawberry-Greenhouse.csv,5,70.0,0.0,0.0,0.0,0.0,0.0,0.0,0.0,0.0,0.0
10,1,../includes/Weather-Strawberry-Greenhouse.csv,6,84.0,0.0,0.0,0.0,0.0,0.0,0.0,0.0,0.0,0.0
10,1,../includes/Weather-Strawberry-Greenhouse.csv,7,98.0,0.0,0.0,0.0,0.0,0.0,0.0,0.0,0.0,0.0
10,1,../includes/Weather-Strawberry-Greenhouse.csv,8,112.0,0.0,0.0,0.0,0.0,0.0,0.0,0.0,0.0,0.0
10,1,../includes/Weather-Strawberry-Greenhouse.csv,9,126.0,0.0,0.0,0.0,0.0,0.0,0.0,0.0,0.0,0.0
10,1,../includes/Weather-Strawberry-Greenhouse.csv,11,154.0,0.00009645061728395,0.0,0.0,0.0,0.0,0.0,0.0,0.0,0.0
10,1,../includes/Weather-Strawberry-Greenhouse.csv,1,0.0,0.0,0.0,0.0,0.0,0.0,0.0,0.0,0.0,0.0
10,1,../includes/Weather-Strawberry-Greenhouse.csv,1,14.0,0.0,0.0,0.0,0.0,0.0,0.0,0.0,0.0,0.0
10,1,../includes/Weather-Strawberry-Greenhouse.csv,2,28.0,0.0,0.0,0.0,0.0,0.0,0.0,0.0,0.0,0.0
10,1,../includes/Weather-Strawberry-Greenhouse.csv,3,42.0,0.0,0.0,0.0,0.0,0.0,0.0,0.0,0.0,0.0
10,1,../includes/Weather-Strawberry-Greenhouse.csv,4,56.0,0.0,0.0,0.0,0.0,0.0,0.0,0.0,0.0,0.0
10,1,../includes/Weather-Strawberry-Greenhouse.csv,5,70.0,0.0,0.0,0.0,0.0,0.0,0.0,0.0,0.0,0.0
10,1,../includes/Weather-Strawberry-Greenhouse.csv,6,84.0,0.0,0.0,0.0,0.0,0.0,0.0,0.0,0.0,0.0
10,1,../includes/Weather-Strawberry-Greenhouse.csv,7,98.0,0.0,0.0,0.0,0.0,0.0,0.0,0.0,0.0,0.0
10,1,../includes/Weather-Strawberry-Greenhouse.csv,8,112.0,0.0,0.0,0.0,0.0,0.0,0.0,0.0,0.0,0.0
10,1,../includes/Weather-Strawberry-Greenhouse.csv,1,0.0,0.0,0.0,0.0,0.0,0.0,0.0,0.0,0.0,0.0
10,1,../includes/Weather-Strawberry-Greenhouse.csv,1,14.0,0.0,0.0,0.0,0.0,0.0,0.0,0.0,0.0,0.0
10,1,../includes/Weather-Strawberry-Greenhouse.csv,2,28.0,0.0,0.0,0.0,0.0,0.0,0.0,0.0,0.0,0.0
10,1,../includes/Weather-Strawberry-Greenhouse.csv,3,42.0,0.0,0.0,0.0,0.0,0.0,0.0,0.0,0.0,0.0
10,1,../includes/Weather-Strawberry-Greenhouse.csv,4,56.0,0.0,0.0,0.0,0.0,0.0,0.0,0.0,0.0,0.0
10,1,../includes/Weather-Strawberry-Greenhouse.csv,1,0.0,0.0,0.0,0.0,0.0,0.0,0.0,0.0,0.0,0.0
10,1,../includes/Weather-Strawberry-Greenhouse.csv,1,14.0,0.0,0.0,0.0,0.0,0.0,0.0,0.0,0.0,0.0
10,1,../includes/Weather-Strawberry-Greenhouse.csv,2,28.0,0.0,0.0,0.0,0.0,0.0,0.0,0.0,0.0,0.0
10,1,../includes/Weather-Strawberry-Greenhouse.csv,3,42.0,0.0,0.0,0.0,0.0,0.0,0.0,0.0,0.0,0.0
10,1,../includes/Weather-Strawberry-Greenhouse.csv,4,56.0,0.0,0.0,0.0,0.0,0.0,0.0,0.0,0.0,0.0
10,1,../includes/Weather-Strawberry-Greenhouse.csv,5,70.0,0.0,0.0,0.0,0.0,0.0,0.0,0.0,0.0,0.0
10,1,../includes/Weather-Strawberry-Greenhouse.csv,6,84.0,0.0,0.0,0.0,0.0,0.0,0.0,0.0,0.0,0.0
10,1,../includes/Weather-Strawberry-Greenhouse.csv,7,98.0,0.0,0.0,0.0,0.0,0.0,0.0,0.0,0.0,0.0
10,1,../includes/Weather-Strawberry-Greenhouse.csv,8,112.0,0.0,0.0,0.0,0.0,0.0,0.0,0.0,0.0,0.0
10,1,../includes/Weather-Strawberry-Greenhouse.csv,9,126.0,0.0,0.0,0.0,0.0,0.0,0.0,0.0,0.0,0.0
10,1,../includes/Weather-Strawberry-Greenhouse.csv,10,140.0,0.0,0.0,0.0,0.0,0.0,0.0,0.0,0.0,0.0
10,1,../includes/Weather-Strawberry-Greenhouse.csv,11,154.0,0.0,0.0,0.0,0.0,0.0,0.0,0.0,0.0,0.0
10,1,../includes/Weather-Strawberry-Greenhouse.csv,12,168.0,0.0,0.0,0.0,0.0,0.0,0.0,0.0,0.0,0.0
10,1,../includes/Weather-Strawberry-Greenhouse.csv,13,182.0,0.0,0.0,0.0,0.0,0.0,0.0,0.0,0.0,0.0
10,1,../includes/Weather-Strawberry-Greenhouse.csv,14,196.0,0.0,0.0,0.0,0.0,0.0,0.0,0.0,0.0,0.0
10,1,../includes/Weather-Strawberry-Greenhouse.csv,15,210.0,0.0,0.0,0.0,0.0,0.0,0.0,0.0,0.0,0.0
10,1,../includes/Weather-Strawberry-Greenhouse.csv,16,224.0,0.0,0.0,0.0,0.0,0.0,0.0,0.0,0.0,0.0
10,1,../includes/Weather-Strawberry-Greenhouse.csv,18,252.0,0.00138888888888889,0.0,0.0,0.0,0.0,0.0,0.0,0.0,0.0
10,1,../includes/Weather-Strawberry-Greenhouse.csv,19,266.0,0.00138888888888889,0.0,0.0,0.0,0.0,0.0,0.0,0.0,0.0
10,1,../includes/Weather-Strawberry-Greenhouse.csv,20,280.0,0.00416666666666667,0.0,0.0,0.0,0.0,0.0,0.0,0.0,0.0
10,1,../includes/Weather-Strawberry-Greenhouse.csv,21,294.0,0.00416666666666667,0.0,0.0,0.0,0.0,0.0,0.0,0.0,0.0
10,1,../includes/Weather-Strawberry-Greenhouse.csv,22,308.0,0.00555555555555556,0.0,0.0,0.0,0.0,0.0,0.0,0.0,0.0
10,1,../includes/Weather-Strawberry-Greenhouse.csv,23,322.0,0.00833333333333333,0.0,0.0,0.0,0.0,0.00822916666666667,0.0,0.0,0.00029625
10,1,../includes/Weather-Strawberry-Greenhouse.csv,24,336.0,0.00833333333333333,0.0,0.00173611111111111,0.00115740740740741,0.00416666666666667,0.00822916666666667,0.10388888888888889,0.02083333333333333,0.00029625
10,1,../includes/Weather-Strawberry-Greenhouse.csv,25,350.0,0.00694444444444444,0.0,0.00173611111111111,0.00115740740740741,0.00416666666666667,0.00822916666666667,0.10388888888888889,0.02083333333333333,0.00029625
10,1,../includes/Weather-Strawberry-Greenhouse.csv,26,364.0,0.00972222222222222,0.0,0.00173611111111111,0.00115740740740741,0.00416666666666667,0.06133680555555555,0.10388888888888889,0.02083333333333333,0.002208125
10,1,../includes/Weather-Strawberry-Greenhouse.csv,27,378.0,0.01111111111111111,0.0,0.00590277777777778,0.00393518518518518,0.00972222222222222,0.06133680555555555,0.7564351851851853,0.07083333333333333,0.002208125
